id;short_name;name;agency;law;year;access;has_api;has_opendata;official_url;check_url;url
gis-zhkh-reestr-administrativnyh-pravonarusheniy;Административные правонарушения в ЖКХ (ГИС ЖКХ);Реестр административных правонарушений ГИС ЖКХ;Минстрой России;209-ФЗ от 21.07.2014 «О государственной информационной системе жилищно-коммунального хозяйства», ст. 6 ч. 1 п. 41, ст. 7 ч. 14 п. 4, ст. 7 ч. 7;2014;open;false;false;https://dom.gosuslugi.ru/#!/public/rap-rp;https://dom.gosuslugi.ru/#!/public/rap-rp;https://reestr-reestrov.ru/r/gis-zhkh-reestr-administrativnyh-pravonarusheniy/
gir-bo;ГИР БО (бухотчётность организаций, ФНС);Государственный информационный ресурс бухгалтерской (финансовой) отчётности;ФНС России;402-ФЗ от 06.12.2011 «О бухгалтерском учёте», ст. 18;2020;open;true;false;https://bo.nalog.gov.ru/;https://bo.nalog.gov.ru/;https://reestr-reestrov.ru/r/gir-bo/
reestr-diskvalificirovannyh-lic-upravlenie-mkd;Дисквалифицированные лица в управлении МКД;Реестр дисквалифицированных лиц (руководители управляющих организаций многоквартирных домов);Минстрой России;Жилищный кодекс РФ, ст. 195 ч. 1 и 2;2015;open;false;false;https://dom.gosuslugi.ru/#!/licenses/person/search;https://dom.gosuslugi.ru/#!/licenses/person/search;https://reestr-reestrov.ru/r/reestr-diskvalificirovannyh-lic-upravlenie-mkd/
reestr-dopuska-k-mezhdunarodnym-avtoperevozkam;Допуск к международным автоперевозкам;Реестр российских перевозчиков, допущенных к осуществлению международных автомобильных перевозок;Ространснадзор;127-ФЗ от 24.07.1998 «О государственном контроле за осуществлением международных автомобильных перевозок и отдельных каботажных автомобильных перевозок и об ответственности за нарушение порядка их выполнения», ст. 2 п. 7.2;1998;open;false;false;https://rostransnadzor.gov.ru/deyatelnost/8;https://rostransnadzor.gov.ru/deyatelnost/razresitelnye-dokumenty;https://reestr-reestrov.ru/r/reestr-dopuska-k-mezhdunarodnym-avtoperevozkam/
egrip;ЕГРИП;Единый государственный реестр индивидуальных предпринимателей;ФНС России;129-ФЗ от 08.08.2001 «О государственной регистрации юридических лиц и индивидуальных предпринимателей», ст. 5;2004;open;false;true;https://egrul.nalog.ru/;https://egrul.nalog.ru/;https://reestr-reestrov.ru/r/egrip/
egrn-nalogoplatelshchikov;ЕГРН налогоплательщиков (ФНС);Единый государственный реестр налогоплательщиков;ФНС России;Налоговый кодекс РФ, ст. 84 п. 8;1999;closed;false;false;https://www.nalog.gov.ru/;https://lkfl2.nalog.ru/;https://reestr-reestrov.ru/r/egrn-nalogoplatelshchikov/
egrul;ЕГРЮЛ;Единый государственный реестр юридических лиц;ФНС России;129-ФЗ от 08.08.2001 «О государственной регистрации юридических лиц и индивидуальных предпринимателей», ст. 4-5;2002;open;false;true;https://egrul.nalog.ru/;https://egrul.nalog.ru/;https://reestr-reestrov.ru/r/egrul/
erknm;ЕРКНМ;Единый реестр контрольных (надзорных) мероприятий;Генпрокуратура;248-ФЗ от 31.07.2020 «О государственном контроле (надзоре) и муниципальном контроле в РФ»;2021;open;false;true;https://proverki.gov.ru/;https://proverki.gov.ru/;https://reestr-reestrov.ru/r/erknm/
eruz;ЕРУЗ (реестр участников закупок в ЕИС);Единый реестр участников закупок;Федеральное казначейство;44-ФЗ от 05.04.2013, ст. 24.2;2019;closed;false;false;https://zakupki.gov.ru/epz/main/public/home.html;https://zakupki.gov.ru/epz/main/public/home.html;https://reestr-reestrov.ru/r/eruz/
kartoteka-arbitrazhnyh-del;Картотека арбитражных дел;Картотека арбитражных дел (kad.arbitr.ru);Верховный Суд РФ;262-ФЗ от 22.12.2008 «Об обеспечении доступа к информации о деятельности судов в РФ», ст. 14 и 15;2010;open;false;false;https://kad.arbitr.ru/;https://kad.arbitr.ru/;https://reestr-reestrov.ru/r/kartoteka-arbitrazhnyh-del/
statregistr-rosstat;Коды статистики (Статрегистр Росстата);Статистический регистр хозяйствующих субъектов (коды статистики организаций и ИП);Росстат;282-ФЗ от 29.11.2007 «Об официальном статистическом учёте и системе государственной статистики в РФ», ст. 6;2007;open;false;false;https://websbor.rosstat.gov.ru/online/info;https://websbor.rosstat.gov.ru/online/info;https://reestr-reestrov.ru/r/statregistr-rosstat/
gis-zhkh-konkursy-regoperatorov-tko;Конкурсы по отбору регоператоров ТКО (ГИС ЖКХ);Реестр информации о конкурсах по отбору региональных операторов по обращению с твёрдыми коммунальными отходами (ГИС ЖКХ);Минстрой России;89-ФЗ от 24.06.1998 «Об отходах производства и потребления», ст. 24.6 ч. 4 и 5;2016;open;false;false;https://dom.gosuslugi.ru/#!/tkoregop;https://dom.gosuslugi.ru/#!/tkoregop;https://reestr-reestrov.ru/r/gis-zhkh-konkursy-regoperatorov-tko/
reestr-licenziy-zhd-perevozki-opasnyh-gruzov;Лицензии на ж/д перевозки опасных грузов;Реестр лицензий на осуществление деятельности по перевозкам железнодорожным транспортом опасных грузов;Ространснадзор;99-ФЗ от 04.05.2011, ст. 12 ч. 1 п. 26;2011;open;false;true;https://rostransnadzor.gov.ru/deyatelnost/razresitelnye-dokumenty;https://rostransnadzor.gov.ru/deyatelnost/razresitelnye-dokumenty;https://reestr-reestrov.ru/r/reestr-licenziy-zhd-perevozki-opasnyh-gruzov/
reestr-licenziy-zhd-perevozki-passazhirov;Лицензии на ж/д перевозки пассажиров;Реестр лицензий на осуществление деятельности по перевозкам железнодорожным транспортом пассажиров;Ространснадзор;99-ФЗ от 04.05.2011 «О лицензировании отдельных видов деятельности», ст. 12 ч. 1 п. 25;2011;open;false;true;https://rostransnadzor.gov.ru/deyatelnost/razresitelnye-dokumenty;https://rostransnadzor.gov.ru/deyatelnost/razresitelnye-dokumenty;https://reestr-reestrov.ru/r/reestr-licenziy-zhd-perevozki-passazhirov/
reestr-licenziy-prr-opasnyh-gruzov-zhd;Лицензии на погрузку опасных грузов на ж/д;Реестр лицензий на погрузочно-разгрузочную деятельность применительно к опасным грузам на железнодорожном транспорте;Ространснадзор;99-ФЗ от 04.05.2011, ст. 12 ч. 1 п. 27;2011;open;false;true;https://rostransnadzor.gov.ru/deyatelnost/razresitelnye-dokumenty;https://rostransnadzor.gov.ru/deyatelnost/razresitelnye-dokumenty;https://reestr-reestrov.ru/r/reestr-licenziy-prr-opasnyh-gruzov-zhd/
reestr-mayninga;МайнингРеестр (ФНС);Реестр лиц, осуществляющих майнинг цифровой валюты, и реестр операторов майнинговой инфраструктуры;ФНС России;259-ФЗ от 31.07.2020 «О цифровых финансовых активах, цифровой валюте...», ст. 14.1;2024;closed;false;false;https://rmo.nalog.gov.ru/rmo/about.html;https://www.nalog.gov.ru/mining/;https://reestr-reestrov.ru/r/reestr-mayninga/
reestr-mezhdunarodnyh-zayavok-nacfaza;Международные заявки PCT на национальной фазе в РФ;Реестр международных заявок на изобретение (полезную модель), переведённых на национальную фазу в Российской Федерации;Роспатент;Гражданский кодекс РФ, часть 4, ст. 1396 п. 1;2024;open;false;true;https://fips.ru/to-applicants/inventions/megdunarodnie-zayavki-iz-pm.php;https://fips.ru/to-applicants/inventions/megdunarodnie-zayavki-iz-pm.php;https://reestr-reestrov.ru/r/reestr-mezhdunarodnyh-zayavok-nacfaza/
reestr-mezhdunarodnyh-tovarnyh-znakov-dogovory;Международные товарные знаки (Мадрид): лицензии в РФ;Реестр товарных знаков по международным регистрациям, по которым имеются сведения о зарегистрированных на территории Российской Федерации распоряжениях исключительным правом по договорам о предоставлении права использования;Роспатент;Гражданский кодекс РФ, часть 4, ст. 1232 п. 2 и 3;2006;open;false;false;https://new.fips.ru/registers-web/action?acName=clickRegister&regName=WOTM;https://new.fips.ru/registers-web/action?acName=clickRegister&regName=WOTM;https://reestr-reestrov.ru/r/reestr-mezhdunarodnyh-tovarnyh-znakov-dogovory/
nedeystvitelnye-inn-fl;Недействительные ИНН физлиц;Сведения о недействительных ИНН физических лиц;ФНС России;Налоговый кодекс РФ, ст. 84;2005;open;false;false;https://service.nalog.ru/invalid-inn-fl.html;https://service.nalog.ru/invalid-inn-fl.html;https://reestr-reestrov.ru/r/nedeystvitelnye-inn-fl/
nedeystvitelnye-inn-ul;Недействительные ИНН юрлиц;Сведения о недействительных ИНН организаций;ФНС России;Налоговый кодекс РФ, ст. 84;2005;open;false;false;https://service.nalog.ru/invalid-inn-ul.html;https://service.nalog.ru/invalid-inn-ul.html;https://reestr-reestrov.ru/r/nedeystvitelnye-inn-ul/
perechen-obshcheizvestnyh-tovarnyh-znakov;Общеизвестные товарные знаки;Перечень общеизвестных в Российской Федерации товарных знаков;Роспатент;Гражданский кодекс РФ, часть 4, ст. 1508 и 1509;2000;open;false;true;https://fips.ru/registers-web/action?acName=clickRegister&regName=WKTM;https://fips.ru/registers-web/action?acName=clickRegister&regName=WKTM;https://reestr-reestrov.ru/r/perechen-obshcheizvestnyh-tovarnyh-znakov/
gis-zhkh-perechen-organov-vlasti;Перечень органов власти в ГИС ЖКХ;Перечень органов власти и государственных внебюджетных фондов, регистрация которых в ГИС ЖКХ осуществляется с использованием квалифицированных сертификатов ключей проверки электронных подписей, выданных Удостоверяющим центром Федерального казначейства;Минстрой России;209-ФЗ от 21.07.2014 «О государственной информационной системе жилищно-коммунального хозяйства», ст. 7 ч. 5, ст. 7 ч. 13 п. 1 и ч. 16 п. 1;2014;open;false;false;https://dom.gosuslugi.ru/#!/authorities;https://dom.gosuslugi.ru/#!/authorities;https://reestr-reestrov.ru/r/gis-zhkh-perechen-organov-vlasti/
zsk-gruppy-riska-cbr;Платформа ЗСК ЦБ (группа риска по ИНН);Информация об отнесении юридических лиц и индивидуальных предпринимателей к группе риска совершения подозрительных операций (платформа «Знай своего клиента»);Банк России;115-ФЗ от 07.08.2001, ст. 7.6;2022;open;false;false;https://www.cbr.ru/counteraction_m_ter/platform_zsk/;https://www.cbr.ru/counteraction_m_ter/platform_zsk/proverka-po-inn/;https://reestr-reestrov.ru/r/zsk-gruppy-riska-cbr/
raspredelennyy-reestr-mchd;Распределённый реестр МЧД (ФНС);Распределённый реестр машиночитаемых доверенностей ФНС России (единое хранилище МЧД);ФНС России;63-ФЗ от 06.04.2011 «Об электронной подписи», ст. 17.2, 17.3 и 17.5;2021;partial;true;false;https://m4d.nalog.gov.ru/;https://m4d.nalog.gov.ru/emchd/check-status;https://reestr-reestrov.ru/r/raspredelennyy-reestr-mchd/
rafp;РАФП;Государственный реестр аккредитованных филиалов, представительств иностранных юридических лиц;ФНС России;160-ФЗ от 09.07.1999 «Об иностранных инвестициях в РФ», ст. 21;2015;open;false;true;https://service.nalog.ru/rafp/;https://service.nalog.ru/rafp/;https://reestr-reestrov.ru/r/rafp/
reestr-ekspluatantov-kommercheskih-perevozok;Реестр авиакомпаний (сертификаты эксплуатанта);Реестр эксплуатантов, осуществляющих коммерческие воздушные перевозки (сертификаты эксплуатанта);Росавиация;Воздушный кодекс РФ, ст. 61 п. 5;2015;open;false;true;https://favt.gov.ru/dejatelnost-letnaya-eksplutacia-reestry-ekspluatantov-kommercheskie-perevozki/;https://favt.gov.ru/dejatelnost-letnaya-eksplutacia-reestry-ekspluatantov-kommercheskie-perevozki/;https://reestr-reestrov.ru/r/reestr-ekspluatantov-kommercheskih-perevozok/
reestr-vozrazheniy-i-zayavleniy-pps;Реестр возражений Палаты по патентным спорам;Реестр возражений и заявлений, связанных с оспариванием и признанием недействительным предоставления правовой охраны объектам интеллектуальной собственности, подаваемых в Роспатент;Роспатент;Гражданский кодекс РФ, часть 4, ст. 1248 п. 2 и 3;2016;open;false;false;https://new.fips.ru/registers-web/action?acName=clickRegister&regName=VZ;https://new.fips.ru/registers-web/action?acName=clickRegister&regName=VZ;https://reestr-reestrov.ru/r/reestr-vozrazheniy-i-zayavleniy-pps/
reestr-garantiruyushchih-postavshchikov;Реестр гарантирующих поставщиков электроэнергии;Федеральный информационный реестр гарантирующих поставщиков и зон их деятельности;ФАС России;35-ФЗ от 26.03.2003 «Об электроэнергетике»;2012;open;false;false;https://fas.gov.ru/pages/activity/tariffregulation/federalnyij-informaczionnyij-reestr-garantiruyushhix-postavshhikov-i-zon-ix-deyatelnosti.html;https://fas.gov.ru/pages/activity/tariffregulation/federalnyij-informaczionnyij-reestr-garantiruyushhix-postavshhikov-i-zon-ix-deyatelnosti.html;https://reestr-reestrov.ru/r/reestr-garantiruyushchih-postavshchikov/
gosreestr-geograficheskih-ukazaniy-nmpt;Реестр географических указаний и НМПТ;Государственный реестр географических указаний и наименований мест происхождения товаров Российской Федерации;Роспатент;Гражданский кодекс РФ, часть 4, ст. 1529 и ст. 1532;1992;open;false;true;https://fips.ru/registers-web/action?acName=clickRegister&regName=RUGP;https://fips.ru/registers-web/action?acName=clickRegister&regName=RUGP;https://reestr-reestrov.ru/r/gosreestr-geograficheskih-ukazaniy-nmpt/
reestr-diskvalifitsirovannyh-lic;Реестр дисквалифицированных лиц;Реестр дисквалифицированных лиц;ФНС России;КоАП РФ, ст. 32.11 ч. 3;2002;open;false;false;https://service.nalog.ru/disqualified.do;https://service.nalog.ru/disqualified.do;https://reestr-reestrov.ru/r/reestr-diskvalifitsirovannyh-lic/
reestr-zayavleniy-rasporyazhenie-isklyuchitelnym-pravom;Реестр заявлений о регистрации договоров (отчуждение, лицензия, залог) в Роспатенте;Реестр заявлений о государственной регистрации распоряжения исключительным правом по договору и заявлений о государственной регистрации перехода права без договора;Роспатент;Гражданский кодекс РФ, часть 4, ст. 1232 п. 2 и 3;2016;open;false;false;https://new.fips.ru/registers-web/action?acName=clickRegister&regName=PRAVO;https://new.fips.ru/registers-web/action?acName=clickRegister&regName=PRAVO;https://reestr-reestrov.ru/r/reestr-zayavleniy-rasporyazhenie-isklyuchitelnym-pravom/
reestr-zayavok-na-gu-nmpt;Реестр заявок на ГУ и НМПТ (ФИПС);Реестр заявок на регистрацию географического указания и наименования места происхождения товара;Роспатент;Гражданский кодекс РФ, часть 4, ст. 1522 и ст. 1524;2005;open;false;false;https://new.fips.ru/registers-web/action?acName=clickRegister&regName=RUGPAP;https://new.fips.ru/registers-web/action?acName=clickRegister&regName=RUGPAP;https://reestr-reestrov.ru/r/reestr-zayavok-na-gu-nmpt/
reestr-zayavok-na-izobreteniya;Реестр заявок на изобретения (ФИПС);Реестр заявок на выдачу патента Российской Федерации на изобретение;Роспатент;Гражданский кодекс РФ, часть 4, ст. 1385;2007;open;false;false;https://new.fips.ru/registers-web/action?acName=clickRegister&regName=RUPATAP;https://new.fips.ru/registers-web/action?acName=clickRegister&regName=RUPATAP;https://reestr-reestrov.ru/r/reestr-zayavok-na-izobreteniya/
reestr-zayavok-na-poleznye-modeli;Реестр заявок на полезные модели (ФИПС);Реестр заявок на выдачу патента Российской Федерации на полезную модель;Роспатент;Гражданский кодекс РФ, часть 4, ст. 1390 и ст. 1394;2007;open;false;false;https://new.fips.ru/registers-web/action?acName=clickRegister&regName=RUPMAP;https://new.fips.ru/registers-web/action?acName=clickRegister&regName=RUPMAP;https://reestr-reestrov.ru/r/reestr-zayavok-na-poleznye-modeli/
reestr-zayavok-na-promyshlennye-obrazcy;Реестр заявок на промышленные образцы (ФИПС);Реестр заявок на выдачу патента Российской Федерации на промышленный образец;Роспатент;Гражданский кодекс РФ, часть 4, ст. 1385 п. 4;2007;open;false;false;https://new.fips.ru/registers-web/action?acName=clickRegister&regName=RUDEAP;https://new.fips.ru/registers-web/action?acName=clickRegister&regName=RUDEAP;https://reestr-reestrov.ru/r/reestr-zayavok-na-promyshlennye-obrazcy/
reestr-zayavok-na-tovarnye-znaki;Реестр заявок на товарные знаки (ФИПС);Реестр заявок на регистрацию товарного знака и знака обслуживания;Роспатент;Гражданский кодекс РФ, часть 4, ст. 1493;2005;open;false;false;https://new.fips.ru/registers-web/action?acName=clickRegister&regName=RUTMAP;https://new.fips.ru/registers-web/action?acName=clickRegister&regName=RUTMAP;https://reestr-reestrov.ru/r/reestr-zayavok-na-tovarnye-znaki/
gosreestr-izobreteniy;Реестр изобретений;Государственный реестр изобретений Российской Федерации;Роспатент;Гражданский кодекс РФ, часть 4, ст. 1393 п. 1;1992;open;false;true;https://fips.ru/registers-web/action?acName=clickRegister&regName=RUPAT;https://fips.ru/registers-web/action?acName=clickRegister&regName=RUPAT;https://reestr-reestrov.ru/r/gosreestr-izobreteniy/
reestr-licenzij;Реестр лицензий;Единый реестр учёта лицензий (сводная система реестров лицензий по видам деятельности);Минэкономразвития России;99-ФЗ от 04.05.2011 «О лицензировании отдельных видов деятельности», ст. 21;2022;open;false;false;https://www.consultant.ru/law/podborki/edinyj_reestr_licenzij/;https://www.consultant.ru/law/podborki/edinyj_reestr_licenzij/;https://reestr-reestrov.ru/r/reestr-licenzij/
reestr-licenzij-mchs-pozharnaya-bezopasnost;Реестр лицензий МЧС (пожарная безопасность);"Реестр лицензий МЧС России в области пожарной безопасности (тушение пожаров; монтаж, техническое обслуживание и ремонт средств обеспечения пожарной безопасности зданий и сооружений)";МЧС России;99-ФЗ от 04.05.2011 «О лицензировании отдельных видов деятельности», ст. 12 ч. 1 п. 14 и п. 15, ст. 21;2021;open;false;false;https://digital.mchs.gov.ru/fgpn/license;https://digital.mchs.gov.ru/fgpn/license;https://reestr-reestrov.ru/r/reestr-licenzij-mchs-pozharnaya-bezopasnost/
reestr-licenziy-perevozki-avtobusami;Реестр лицензий на перевозки автобусами;Реестр лицензий на осуществление деятельности по перевозкам пассажиров и иных лиц автобусами;Ространснадзор;99-ФЗ от 04.05.2011, ст. 12 ч. 1 п. 24;2019;open;false;true;https://rostransnadzor.gov.ru/deyatelnost/razresitelnye-dokumenty;https://rostransnadzor.gov.ru/deyatelnost/razresitelnye-dokumenty;https://reestr-reestrov.ru/r/reestr-licenziy-perevozki-avtobusami/
gosreestr-uchastkov-nedr-i-licenziy;Реестр лицензий на пользование недрами (Роснедра, Росгеолфонд);Государственный реестр участков недр, предоставленных в пользование, и лицензий на пользование недрами;Роснедра;Закон РФ от 21.02.1992 № 2395-1 «О недрах», ст. 28;1992;partial;false;true;https://rfgf.ru/info-resursy/gosudarstvennyj-reestr-uchatkov-nedr/;https://rfgf.ru/ReestrLic/;https://reestr-reestrov.ru/r/gosreestr-uchastkov-nedr-i-licenziy/
reestr-licenzij-roskosmosa;Реестр лицензий Роскосмоса;Реестр лицензий на осуществление космической деятельности;Роскосмос;Закон РФ от 20.08.1993 № 5663-1 «О космической деятельности», ст. 9;1993;open;false;false;https://licenses.roscosmos.ru/;https://licenses.roscosmos.ru/;https://reestr-reestrov.ru/r/reestr-licenzij-roskosmosa/
reestr-licenziy-rostransnadzora;Реестр лицензий Ространснадзора;Реестр лицензий, предоставленных Федеральной службой по надзору в сфере транспорта;Ространснадзор;99-ФЗ от 04.05.2011 «О лицензировании отдельных видов деятельности», ст. 12 ч. 1 пп. 20, 21, 24-29 и ст. 21;2011;open;false;true;https://rostransnadzor.gov.ru/deyatelnost/razresitelnye-dokumenty;https://rostransnadzor.gov.ru/deyatelnost/razresitelnye-dokumenty;https://reestr-reestrov.ru/r/reestr-licenziy-rostransnadzora/
svodnyy-reestr-licenziy-upravlenie-mkd;Реестр лицензий управляющих компаний ЖКХ;Сводный федеральный реестр лицензий на осуществление предпринимательской деятельности по управлению многоквартирными домами;Минстрой России;Жилищный кодекс РФ, ст. 195 ч. 1 и 2;2015;open;false;false;https://dom.gosuslugi.ru/#!/rls-public/licenses;https://dom.gosuslugi.ru/#!/rls-public/licenses;https://reestr-reestrov.ru/r/svodnyy-reestr-licenziy-upravlenie-mkd/
reestr-msp;Реестр МСП;Единый реестр субъектов малого и среднего предпринимательства;ФНС России;209-ФЗ от 24.07.2007 «О развитии малого и среднего предпринимательства в РФ», ст. 4.1;2016;open;false;true;https://rmsp.nalog.ru/;https://rmsp.nalog.ru/;https://reestr-reestrov.ru/r/reestr-msp/
reestr-msp-podderzhka;Реестр МСП — получателей поддержки;Единый реестр субъектов малого и среднего предпринимательства — получателей поддержки;ФНС России;209-ФЗ от 24.07.2007, ст. 8;2020;open;false;false;https://rmsp-pp.nalog.ru/;https://rmsp-pp.nalog.ru/;https://reestr-reestrov.ru/r/reestr-msp-podderzhka/
reestr-nedobrosovestnyh-vodopolzovateley;Реестр недобросовестных водопользователей (Росводресурсы);Реестр недобросовестных водопользователей и участников аукциона на право заключения договора водопользования;Росводресурсы;Водный кодекс РФ, ст. 36.1 и ч. 7 ст. 16;2020;open;false;false;https://voda.gov.ru/activities/reestr-nedobrosovestnykh-vodopolzovateley-i-uchastnikov-auktsiona-na-pravo-zaklyucheniya-dogovora-vodopolzovaniya/;https://voda.gov.ru/activities/reestr-nedobrosovestnykh-vodopolzovateley-i-uchastnikov-auktsiona-na-pravo-zaklyucheniya-dogovora-vodopolzovaniya/;https://reestr-reestrov.ru/r/reestr-nedobrosovestnyh-vodopolzovateley/
reestr-nedobrosovestnyh-arendatorov-lesnyh-uchastkov;Реестр недобросовестных лесопользователей (Рослесхоз);Реестр недобросовестных арендаторов лесных участков и покупателей лесных насаждений;Рослесхоз;Лесной кодекс РФ от 04.12.2006 № 200-ФЗ, ст. 98.1;2016;open;false;false;https://rosleshoz.gov.ru/activity/forest-use/registry/;https://rosleshoz.gov.ru/activity/forest-use/registry/;https://reestr-reestrov.ru/r/reestr-nedobrosovestnyh-arendatorov-lesnyh-uchastkov/
reestr-nedobrosovestnyh-uchastnikov-aukcionov-nedra;Реестр недобросовестных участников аукционов на недра (Роснедра);Реестр недобросовестных участников аукционов на право пользования участками недр;Роснедра;Закон РФ от 21.02.1992 № 2395-1 «О недрах», ст. 14.1;2021;open;false;false;https://rosnedra.gov.ru/activity/reestr-nedobrosovestnykh-uchastnikov/;https://rosnedra.gov.ru/activity/reestr-nedobrosovestnykh-uchastnikov/reestr_nedobrosovestnykh_uchastnikov_auktsionov_na_pravo_polzovaniya_uchastkami_nedr/;https://reestr-reestrov.ru/r/reestr-nedobrosovestnyh-uchastnikov-aukcionov-nedra/
reestr-nedobrosovestnyh-uchastnikov-aukcionov-rybolovstvo;Реестр недобросовестных участников рыбных аукционов (Росрыболовство);Реестр недобросовестных участников аукционов по продаже права на заключение договоров о закреплении доли квоты добычи (вылова) водных биоресурсов, договоров о закреплении и предоставлении доли квоты добычи (вылова) крабов в инвестиционных целях, договоров пользования водными биоресурсами, договоров пользования рыболовным участком;Росрыболовство;166-ФЗ от 20.12.2004 «О рыболовстве и сохранении водных биологических ресурсов», ст. 38.3;2024;open;false;false;https://torgi.gov.ru/new/public/rny/reg;https://torgi.gov.ru/new/public/rny/reg/fishery;https://reestr-reestrov.ru/r/reestr-nedobrosovestnyh-uchastnikov-aukcionov-rybolovstvo/
reestr-nko;Реестр НКО (Минюст);Информация о зарегистрированных некоммерческих организациях (реестр НКО Минюста);Минюст России;7-ФЗ от 12.01.1996 «О некоммерческих организациях», ст. 13.1 и 32;2006;open;false;false;https://nco.minjust.gov.ru/ru/registries;https://nco.minjust.gov.ru/ru/registries?status=REGISTERED;https://reestr-reestrov.ru/r/reestr-nko/
gosreestr-poleznyh-modeley;Реестр полезных моделей;Государственный реестр полезных моделей Российской Федерации;Роспатент;Гражданский кодекс РФ, часть 4, ст. 1393 п. 1;1992;open;false;true;https://fips.ru/registers-web/action?acName=clickRegister&regName=RUPM;https://fips.ru/registers-web/action?acName=clickRegister&regName=RUPM;https://reestr-reestrov.ru/r/gosreestr-poleznyh-modeley/
gis-zhkh-reestr-postavshchikov-informacii;Реестр поставщиков информации ГИС ЖКХ (УК, ТСЖ, РСО, регоператоры);Реестр поставщиков информации государственной информационной системы жилищно-коммунального хозяйства (ГИС ЖКХ);Минстрой России;209-ФЗ от 21.07.2014 «О государственной информационной системе жилищно-коммунального хозяйства», ст. 6 ч. 1 п. 1, 2 и 16, ст. 7 ч. 3 п. 6;2014;open;false;false;https://dom.gosuslugi.ru/#!/organizations;https://dom.gosuslugi.ru/#!/organizations;https://reestr-reestrov.ru/r/gis-zhkh-reestr-postavshchikov-informacii/
gosreestr-promyshlennyh-obrazcov;Реестр промышленных образцов;Государственный реестр промышленных образцов Российской Федерации;Роспатент;Гражданский кодекс РФ, часть 4, ст. 1393 п. 1;1992;open;false;true;https://fips.ru/registers-web/action?acName=clickRegister&regName=RUDE;https://fips.ru/registers-web/action?acName=clickRegister&regName=RUDE;https://reestr-reestrov.ru/r/gosreestr-promyshlennyh-obrazcov/
reestr-sro-bez-upolnomochennogo-organa;Реестр прочих СРО (Росреестр);Государственный реестр саморегулируемых организаций, в отношении которых не определён уполномоченный федеральный орган исполнительной власти;Росреестр;315-ФЗ от 01.12.2007 «О саморегулируемых организациях», ст. 20;2008;open;false;false;https://rosreestr.gov.ru/wps/portal/p/present_new/cc_sro_reestr;https://rosreestr.gov.ru/wps/portal/p/present_new/cc_sro_reestr;https://reestr-reestrov.ru/r/reestr-sro-bez-upolnomochennogo-organa/
gosreestr-rabot-po-geologicheskomu-izucheniyu-nedr;Реестр работ по геологическому изучению недр (ГИН, Росгеолфонд);Государственный реестр работ по геологическому изучению недр;Роснедра;Закон РФ от 21.02.1992 № 2395-1 «О недрах», ст. 28;1992;partial;false;true;https://rfgf.ru/info-resursy/raboty-po-izucheniyu-nedr;https://rfgf.ru/ReestrGin/;https://reestr-reestrov.ru/r/gosreestr-rabot-po-geologicheskomu-izucheniyu-nedr/
reestr-razreshenij-na-vvod;Реестр разрешений на ввод в эксплуатацию;Реестр разрешений на ввод объектов капитального строительства в эксплуатацию;Минстрой России;Градостроительный кодекс РФ, ст. 55;2026;partial;false;false;https://minstroyrf.gov.ru/;https://minstroyrf.gov.ru/;https://reestr-reestrov.ru/r/reestr-razreshenij-na-vvod/
reestr-razresheniy-na-vylov-vbr;Реестр разрешений на вылов (Росрыболовство);Реестр разрешений на добычу (вылов) водных биологических ресурсов;Росрыболовство;166-ФЗ от 20.12.2004 «О рыболовстве и сохранении водных биологических ресурсов», ст. 41.2;2026;closed;false;false;https://fish.gov.ru/main-news/2026/02/26/oformlenie-razreshenij-na-vylov-stanovitsya-polnostyu-czifrovym/;https://www.gosuslugi.ru/;https://reestr-reestrov.ru/r/reestr-razresheniy-na-vylov-vbr/
reestr-razreshenij-na-stroitelstvo;Реестр разрешений на строительство;Реестр разрешений на строительство объектов капитального строительства;Минстрой России;Градостроительный кодекс РФ, ст. 51;2026;partial;false;false;https://minstroyrf.gov.ru/;https://minstroyrf.gov.ru/;https://reestr-reestrov.ru/r/reestr-razreshenij-na-stroitelstvo/
reestr-sonko;Реестр СОНКО;Реестр социально ориентированных некоммерческих организаций;Минэкономразвития России;Постановление Правительства РФ от 30.07.2021 № 1290 «О реестре социально ориентированных некоммерческих организаций»;2020;open;false;true;https://www.economy.gov.ru/material/departments/d04/sonko/reestr_sonko/;https://data.economy.gov.ru/analytics/sonko/all;https://reestr-reestrov.ru/r/reestr-sonko/
reestr-socialnyh-predpriyatiy;Реестр социальных предприятий;Реестр субъектов МСП со статусом «социальное предприятие»;ФНС России;209-ФЗ от 24.07.2007, ст. 24.1;2019;open;false;true;https://rmsp.nalog.ru/;https://rmsp.nalog.ru/;https://reestr-reestrov.ru/r/reestr-socialnyh-predpriyatiy/
reestr-sro-rostechnadzor;Реестр СРО (Ростехнадзор);Государственный реестр саморегулируемых организаций (в сфере строительства, проектирования, инженерных изысканий);Ростехнадзор;Градостроительный кодекс РФ, ст. 55.18 «Ведение государственного реестра саморегулируемых организаций»;2009;open;false;false;https://www.gosnadzor.ru/building/register/;https://www.gosnadzor.ru/building/register/;https://reestr-reestrov.ru/r/reestr-sro-rostechnadzor/
reestr-tovarnyh-znakov;Реестр товарных знаков;Государственный реестр товарных знаков и знаков обслуживания Российской Федерации;Роспатент;Гражданский кодекс РФ, часть 4, ст. 1480-1481;1992;open;false;true;https://fips.ru/registers-web/action?acName=clickRegister&regName=RUTM;https://fips.ru/registers-web/action?acName=clickRegister&regName=RUTM;https://reestr-reestrov.ru/r/reestr-tovarnyh-znakov/
reestr-cifrovyh-platform;Реестр цифровых платформ;Реестр цифровых платформ;Минэкономразвития России;289-ФЗ от 31.07.2025 «О платформенной экономике в Российской Федерации»;2026;open;false;false;https://www.economy.gov.ru/;https://www.economy.gov.ru/;https://reestr-reestrov.ru/r/reestr-cifrovyh-platform/
reestr-ekspeditorov;Реестр экспедиторов (ГосЛог);Реестр уведомлений о транспортно-экспедиционной деятельности;Ространснадзор;87-ФЗ от 30.06.2003 «О транспортно-экспедиционной деятельности» в редакции 2025 года;2026;open;false;false;https://mintrans.gov.ru/press-center/news/12448;https://mintrans.gov.ru/press-center/news/12448;https://reestr-reestrov.ru/r/reestr-ekspeditorov/
reestr-nedobrosovestnyh-postavshchikov;РНП;Реестр недобросовестных поставщиков (подрядчиков, исполнителей);ФАС России;44-ФЗ от 05.04.2013, ст. 104;2005;open;false;false;https://zakupki.gov.ru/epz/dishonestsupplier/search/results.html;https://zakupki.gov.ru/epz/dishonestsupplier/search/results.html;https://reestr-reestrov.ru/r/reestr-nedobrosovestnyh-postavshchikov/
gosudarstvennyy-rybohozyaystvennyy-reestr;Рыбохозяйственный реестр (ГРР);Государственный рыбохозяйственный реестр;Росрыболовство;166-ФЗ от 20.12.2004 «О рыболовстве и сохранении водных биологических ресурсов», ст. 43;2008;partial;false;false;https://fish.gov.ru/otraslevaya-deyatelnost/organizacziya-rybolovstva/gosudarstvennyj-rybohozyajstvennyj-reestr/;https://www.gosuslugi.ru/612225/1/form;https://reestr-reestrov.ru/r/gosudarstvennyy-rybohozyaystvennyy-reestr/
reestr-specrazresheniy-perevozka-opasnyh-gruzov;Спецразрешения на перевозку опасных грузов;Реестры специальных разрешений на движение транспортных средств, перевозящих опасные грузы, и на международные автомобильные перевозки опасных грузов;Ространснадзор;257-ФЗ от 08.11.2007 «Об автомобильных дорогах и о дорожной деятельности в Российской Федерации...», ст. 31.3;2023;open;false;false;https://rostransnadzor.gov.ru/deyatelnost/105;https://rostransnadzor.gov.ru/deyatelnost/razresitelnye-dokumenty;https://reestr-reestrov.ru/r/reestr-specrazresheniy-perevozka-opasnyh-gruzov/
fedresurs-facts;Федресурс (факты деятельности);Единый федеральный реестр юридически значимых сведений о фактах деятельности юридических лиц, индивидуальных предпринимателей и иных субъектов экономической деятельности;Минэкономразвития России;129-ФЗ от 08.08.2001, ст. 7.1;2013;open;true;false;https://fedresurs.ru/;https://fedresurs.ru/;https://reestr-reestrov.ru/r/fedresurs-facts/
vserossiyskiy-reestr-vidov-sporta;ВРВС;Всероссийский реестр видов спорта;Минспорт России;329-ФЗ от 04.12.2007 «О физической культуре и спорте в РФ», ст. 20;2008;open;false;false;https://www.minsport.gov.ru/;https://base.garant.ru/55172479/;https://reestr-reestrov.ru/r/vserossiyskiy-reestr-vidov-sporta/
gosudarstvennyy-geraldicheskiy-registr;Геральдический регистр;Государственный геральдический регистр Российской Федерации;Геральдический совет;Указ Президента РФ от 21.03.1996 № 403 «О Государственном геральдическом регистре Российской Федерации»;1996;partial;false;false;http://kremlin.ru/structure/councils#institution-1036;https://sovet.geraldika.ru/registr/;https://reestr-reestrov.ru/r/gosudarstvennyy-geraldicheskiy-registr/
gosreestr-si;Госреестр средств измерений (утверждённые типы СИ);Сведения об утверждённых типах средств измерений (Государственный реестр средств измерений);Росстандарт;102-ФЗ от 26.06.2008 «Об обеспечении единства измерений», ст. 20;1993;open;true;false;https://fgis.gost.ru/fundmetrology/registry/4;https://fgis.gost.ru/fundmetrology/registry/4;https://reestr-reestrov.ru/r/gosreestr-si/
gosudarstvennye-pervichnye-etalony;Государственные первичные эталоны РФ;Сведения о государственных первичных эталонах единиц величин;Росстандарт;102-ФЗ от 26.06.2008 «Об обеспечении единства измерений», ст. 20;2008;open;true;false;https://fgis.gost.ru/fundmetrology/registry/12;https://fgis.gost.ru/fundmetrology/registry/12;https://reestr-reestrov.ru/r/gosudarstvennye-pervichnye-etalony/
kodifikator-razrabotchikov-eskd;Коды разработчиков по ЕСКД;Кодификатор организаций-разработчиков (код организации-разработчика конструкторской документации по ЕСКД);Росстандарт;ГОСТ 2.201-2023 «ЕСКД. Обозначение изделий и конструкторских документов»;1980;partial;false;false;https://www.gostinfo.ru/pages/Maintask/exdevclass/;https://www.gostinfo.ru/pages/Maintask__exdevclass/infoo/;https://reestr-reestrov.ru/r/kodifikator-razrabotchikov-eskd/
fgis-mercury;Меркурий / ВетИС;Федеральная государственная информационная система в области ветеринарии (ВетИС), подсистема «Меркурий»;Россельхознадзор;Закон РФ от 14.05.1993 № 4979-1 «О ветеринарии», ст. 2.3;2015;partial;true;false;https://vetrf.ru/;https://mercury.vetrf.ru/;https://reestr-reestrov.ru/r/fgis-mercury/
otnesenie-ts-k-si;Отнесение технических средств к СИ;Сведения об отнесении технических средств к средствам измерений;Росстандарт;102-ФЗ от 26.06.2008 «Об обеспечении единства измерений», ст. 20;2008;open;true;false;https://fgis.gost.ru/fundmetrology/registry/17;https://fgis.gost.ru/fundmetrology/registry/17;https://reestr-reestrov.ru/r/otnesenie-ts-k-si/
reestr-akkreditovannyh-lic;Реестр аккредитованных лиц;Единый реестр аккредитованных лиц национальной системы аккредитации;Росаккредитация;412-ФЗ от 28.12.2013 «Об аккредитации в национальной системе аккредитации», ст. 23;2013;open;true;true;https://fsa.gov.ru/;https://pub.fsa.gov.ru/ral;https://reestr-reestrov.ru/r/reestr-akkreditovannyh-lic/
attestovannye-metodiki-izmereniy;Реестр аттестованных методик измерений (ФР);Сведения об аттестованных методиках (методах) измерений;Росстандарт;102-ФЗ от 26.06.2008 «Об обеспечении единства измерений», ст. 20;2008;open;true;false;https://fgis.gost.ru/fundmetrology/registry/16;https://fgis.gost.ru/fundmetrology/registry/16;https://reestr-reestrov.ru/r/attestovannye-metodiki-izmereniy/
reestr-deklaraciy-pozharnoy-bezopasnosti;Реестр деклараций пожарной безопасности (МЧС);Реестр деклараций пожарной безопасности;МЧС России;123-ФЗ от 22.07.2008 «Технический регламент о требованиях пожарной безопасности», ст. 64;2008;open;false;false;https://digital.mchs.gov.ru/fgpn/declaration;https://digital.mchs.gov.ru/fgpn/declaration;https://reestr-reestrov.ru/r/reestr-deklaraciy-pozharnoy-bezopasnosti/
reestr-zaklyucheniy-nor;Реестр заключений НОР (аудит пожарной безопасности, МЧС);Реестр учтённых копий заключений о независимой оценке пожарного риска;МЧС России;123-ФЗ от 22.07.2008, ст. 144;2021;open;false;false;https://digital.mchs.gov.ru/fgpn/nor;https://digital.mchs.gov.ru/fgpn/nor;https://reestr-reestrov.ru/r/reestr-zaklyucheniy-nor/
eais-turizm-gostinicy;Реестр классифицированных гостиниц;Единый реестр объектов классификации в сфере туристской индустрии (классифицированные гостиницы, горнолыжные трассы, пляжи);Росаккредитация;132-ФЗ от 24.11.1996 «Об основах туристской деятельности в РФ», ст. 5.1, 5.2;2025;open;false;false;https://tourism.fsa.gov.ru/ru/main;https://tourism.fsa.gov.ru/ru/main;https://reestr-reestrov.ru/r/eais-turizm-gostinicy/
gosudarstvennyy-registr-filmov;Реестр прокатных удостоверений фильмов (Минкультуры);Государственный регистр фильмов;Минкультуры России;Федеральный закон от 22.08.1996 № 126-ФЗ «О государственной поддержке кинематографии Российской Федерации», ст. 5.1;2014;open;false;true;https://culture.gov.ru/services/reestr-prokatnykh-udostovereniy/;https://opendata.mkrf.ru/opendata/7705851331-register_movies;https://reestr-reestrov.ru/r/gosudarstvennyy-registr-filmov/
reestr-sertifikatov-deklaraciy;Реестр сертификатов и деклараций;Единый реестр выданных сертификатов соответствия и зарегистрированных деклараций о соответствии;Росаккредитация;184-ФЗ от 27.12.2002 «О техническом регулировании», ст. 24, ст. 26;2010;open;false;true;https://fsa.gov.ru/;https://pub.fsa.gov.ru/rds/certificate;https://reestr-reestrov.ru/r/reestr-sertifikatov-deklaraciy/
reestr-sto-pozharnaya-bezopasnost;Реестр согласованных СТО по пожарной безопасности (МЧС);Реестр согласованных стандартов организаций, содержащих требования пожарной безопасности;МЧС России;123-ФЗ от 22.07.2008, ст. 4;2022;open;false;false;https://digital.mchs.gov.ru/fgpn/sto;https://digital.mchs.gov.ru/fgpn/sto;https://reestr-reestrov.ru/r/reestr-sto-pozharnaya-bezopasnost/
reestr-stu-pozharnaya-bezopasnost;Реестр согласованных СТУ (МЧС);Реестр согласованных специальных технических условий (СТУ) в области пожарной безопасности;МЧС России;123-ФЗ от 22.07.2008, ст. 78 ч. 2 и ст. 4;2011;open;false;false;https://digital.mchs.gov.ru/fgpn/stu;https://digital.mchs.gov.ru/fgpn/stu;https://reestr-reestrov.ru/r/reestr-stu-pozharnaya-bezopasnost/
utverzhdennye-tipy-so;Реестр утверждённых типов стандартных образцов;Сведения об утверждённых типах стандартных образцов;Росстандарт;102-ФЗ от 26.06.2008 «Об обеспечении единства измерений», ст. 20;2008;open;true;false;https://fgis.gost.ru/fundmetrology/registry/19;https://fgis.gost.ru/fundmetrology/registry/19;https://reestr-reestrov.ru/r/utverzhdennye-tipy-so/
etalony-edinic-velichin;Реестр эталонов единиц величин;Сведения об эталонах единиц величин;Росстандарт;102-ФЗ от 26.06.2008 «Об обеспечении единства измерений», ст. 20;2008;open;true;false;https://fgis.gost.ru/fundmetrology/registry/11;https://fgis.gost.ru/fundmetrology/registry/11;https://reestr-reestrov.ru/r/etalony-edinic-velichin/
fif-oei-arshin;ФГИС «Аршин» (поверка средств измерений);Федеральный информационный фонд по обеспечению единства измерений (ФГИС «Аршин»);Росстандарт;102-ФЗ от 26.06.2008 «Об обеспечении единства измерений», ст. 20;2008;open;true;false;https://fgis.gost.ru/fundmetrology/registry;https://fgis.gost.ru/fundmetrology/cm/results;https://reestr-reestrov.ru/r/fif-oei-arshin/
fgis-zerno;ФГИС «Зерно»;Федеральная государственная информационная система прослеживаемости зерна и продуктов переработки зерна;Минсельхоз России;Закон РФ от 14.05.1993 № 4973-1 «О зерне», ст. 17.1;2022;partial;true;false;https://zerno.mcx.gov.ru/;https://zerno.mcx.gov.ru/login;https://reestr-reestrov.ru/r/fgis-zerno/
chestny-znak;Честный знак;Государственная информационная система мониторинга за оборотом товаров, подлежащих обязательной маркировке средствами идентификации («Честный знак», ГИС МТ);Минпромторг России;381-ФЗ от 28.12.2009 «Об основах государственного регулирования торговой деятельности в РФ», ст. 5, 8;2019;partial;true;false;https://xn--80ajghhoc2aj1c8b.xn--p1ai/;https://xn--80ajghhoc2aj1c8b.xn--p1ai/;https://reestr-reestrov.ru/r/chestny-znak/
reestr-akkreditacii-obrazovaniya;Реестр аккредитации образовательных программ;Реестр организаций, осуществляющих образовательную деятельность по имеющим государственную аккредитацию образовательным программам;Рособрнадзор;273-ФЗ от 29.12.2012 «Об образовании в РФ», ст. 92;2013;open;false;false;https://obrnadzor.gov.ru/gosudarstvennye-uslugi-i-funkczii/gosudarstvennye-uslugi/gosudarstvennaya-akkreditacziya/;https://islod.obrnadzor.gov.ru/accredreestr/;https://reestr-reestrov.ru/r/reestr-akkreditacii-obrazovaniya/
reestr-kursov-podgotovki-voditeley-dopog;Реестр курсов ДОПОГ;Реестр удостоверений об утверждении курсов подготовки водителей автотранспортных средств, перевозящих опасные грузы;Ространснадзор;Порядок выдачи свидетельств о подготовке водителей автотранспортных средств, перевозящих опасные грузы, и утверждения курсов такой подготовки, приказ Минтранса России от 30.07.2020 № 265;2021;partial;false;false;https://rostransnadzor.gov.ru/deyatelnost/106;https://rostransnadzor.gov.ru/deyatelnost/106;https://reestr-reestrov.ru/r/reestr-kursov-podgotovki-voditeley-dopog/
reestr-licenzij-obrazovanie;Реестр лицензий на образование;Сводный реестр лицензий на осуществление образовательной деятельности;Рособрнадзор;273-ФЗ от 29.12.2012 «Об образовании в РФ», ст. 91;2013;open;false;true;https://obrnadzor.gov.ru/;https://obrnadzor.gov.ru/gosudarstvennye-uslugi-i-funkczii/gosudarstvennye-uslugi/liczenzirovanie-obrazovatelnoj-deyatelnosti/svodnyj-reestr-liczenzij/;https://reestr-reestrov.ru/r/reestr-licenzij-obrazovanie/
reestr-organizaciy-otdykha-detey;Реестр организаций отдыха детей;Реестры организаций отдыха детей и их оздоровления;Минпросвещения России;124-ФЗ от 24.07.1998 «Об основных гарантиях прав ребёнка в РФ», ст. 12 и ст. 12.2;2019;open;false;false;https://docs.edu.gov.ru/;;https://reestr-reestrov.ru/r/reestr-organizaciy-otdykha-detey/
frdo;ФРДО;Федеральный реестр сведений о документах об образовании и (или) о квалификации, документах об обучении;Рособрнадзор;273-ФЗ от 29.12.2012 «Об образовании в РФ», ч. 9, 10 ст. 98;2013;partial;false;false;https://obrnadzor.gov.ru/gosudarstvennye-uslugi-i-funkczii/7701537808-gosfunction/formirovanie-i-vedenie-federalnogo-reestra-svedenij-o-dokumentah-ob-obrazovanii-i-ili-o-kvalifikaczii-dokumentah-ob-obuchenii/;http://frdocheck.obrnadzor.gov.ru/;https://reestr-reestrov.ru/r/frdo/
egrss-strahovshiki;ЕГРСС (реестр страховщиков);Единый государственный реестр субъектов страхового дела;Банк России;Закон РФ от 27.11.1992 № 4015-1 «Об организации страхового дела в Российской Федерации», ст. 4.1 п. 2, ст. 30 п. 3-4;1992;open;false;true;https://www.cbr.ru/insurance/registers/;https://www.cbr.ru/insurance/registers/;https://reestr-reestrov.ru/r/egrss-strahovshiki/
efrsb;ЕФРСБ / Федресурс-банкротство;Единый федеральный реестр сведений о банкротстве;Минэкономразвития России;127-ФЗ от 26.10.2002 «О несостоятельности (банкротстве)», ст. 28;2011;open;true;false;https://bankrot.fedresurs.ru/;https://bankrot.fedresurs.ru/;https://reestr-reestrov.ru/r/efrsb/
gis-zhkh-konkursy-kreditnyh-organizaciy-kapremont;Конкурсы по отбору банков для фондов капремонта (ГИС ЖКХ);Реестр информации о конкурсах по отбору кредитных организаций (для открытия счетов региональных операторов капитального ремонта) в ГИС ЖКХ;Минстрой России;Жилищный кодекс РФ, ст. 180 ч. 3;2015;open;false;false;https://dom.gosuslugi.ru/#!/capital-repair/tenders;https://dom.gosuslugi.ru/#!/capital-repair/tenders;https://reestr-reestrov.ru/r/gis-zhkh-konkursy-kreditnyh-organizaciy-kapremont/
reestr-auditorov;Реестр аудиторов;Реестр аудиторов и аудиторских организаций;Минфин России;307-ФЗ от 30.12.2008 «Об аудиторской деятельности», ст. 19;2009;open;false;false;https://minfin.gov.ru/ru/perfomance/audit/reestr_audit/;https://sroaas.ru/reestr/;https://reestr-reestrov.ru/r/reestr-auditorov/
spravochnik-kreditnyh-organizaciy;Реестр банков ЦБ;Книга государственной регистрации кредитных организаций (справочник по кредитным организациям);Банк России;Закон РФ от 02.12.1990 № 395-1 «О банках и банковской деятельности», ст. 12;1990;open;false;true;https://www.cbr.ru/banking_sector/credit/;https://cbr.ru/banking_sector/credit/FullCoList/;https://reestr-reestrov.ru/r/spravochnik-kreditnyh-organizaciy/
reestr-bankovskih-garantiy;Реестр банковских гарантий;Реестр независимых (банковских) гарантий;Федеральное казначейство;44-ФЗ от 05.04.2013, ст. 45 ч. 8, 8.1, 9;2014;partial;false;false;https://zakupki.gov.ru/epz/bankguarantee/search/results.html;https://zakupki.gov.ru/epz/bankguarantee/search/results.html;https://reestr-reestrov.ru/r/reestr-bankovskih-garantiy/
reestr-bki;Реестр БКИ;Государственный реестр бюро кредитных историй;Банк России;218-ФЗ от 30.12.2004 «О кредитных историях», ст. 15;2005;open;false;false;https://cbr.ru/admissionfinmarket/navigator/bki/;https://cbr.ru/admissionfinmarket/navigator/bki/;https://reestr-reestrov.ru/r/reestr-bki/
reestr-dogovorov-223-fz;Реестр договоров (223-ФЗ);Реестр договоров, заключённых заказчиками по Закону № 223-ФЗ;Федеральное казначейство;223-ФЗ от 18.07.2011, ст. 4.1;2015;partial;false;true;https://zakupki.gov.ru/epz/contractfz223/search/results.html;https://zakupki.gov.ru/epz/contractfz223/search/results.html;https://reestr-reestrov.ru/r/reestr-dogovorov-223-fz/
reestr-investplatform;Реестр инвестплатформ;Реестр операторов инвестиционных платформ;Банк России;259-ФЗ от 02.08.2019 «О привлечении инвестиций с использованием инвестиционных платформ...», ст. 17;2020;open;false;false;https://www.cbr.ru/admissionfinmarket/register/;https://www.cbr.ru/vfs/finmarkets/files/supervision/list_invest_platform_op.xlsx;https://reestr-reestrov.ru/r/reestr-investplatform/
reestr-investsovetnikov;Реестр инвестсоветников;Единый реестр инвестиционных советников;Банк России;39-ФЗ от 22.04.1996 «О рынке ценных бумаг», ст. 6.1;2018;open;false;false;https://www.cbr.ru/explan/invest/;https://www.cbr.ru/vfs/finmarkets/files/supervision/List_is.xlsx;https://reestr-reestrov.ru/r/reestr-investsovetnikov/
reestr-kkt;Реестр ККТ и ФН;Реестр контрольно-кассовой техники и реестр фискальных накопителей;ФНС России;54-ФЗ от 22.05.2003 «О применении контрольно-кассовой техники при осуществлении расчётов в Российской Федерации», ст. 3;2003;open;false;true;https://kkt-online.nalog.ru/registers/;https://kkt-online.nalog.ru/registers/;https://reestr-reestrov.ru/r/reestr-kkt/
gosreestr-vzyskateley;Реестр коллекторов;Государственный реестр юридических лиц, осуществляющих деятельность по возврату просроченной задолженности;ФССП России;230-ФЗ от 03.07.2016 «О защите прав и законных интересов физических лиц при осуществлении деятельности по возврату просроченной задолженности...», ст. 12-13;2017;open;false;false;https://fssp.gov.ru/gosreestr_jurlic/;https://fssp.gov.ru/gosreestr_jurlic/;https://reestr-reestrov.ru/r/gosreestr-vzyskateley/
reestr-kontraktov-eis;Реестр контрактов (44-ФЗ);Реестр контрактов, заключённых заказчиками;Федеральное казначейство;44-ФЗ от 05.04.2013, ст. 103;2014;open;false;true;https://zakupki.gov.ru/epz/contract/search/results.html;https://zakupki.gov.ru/epz/contract/search/results.html;https://reestr-reestrov.ru/r/reestr-kontraktov-eis/
reestr-kpk;Реестр КПК;Государственный реестр кредитных потребительских кооперативов;Банк России;190-ФЗ от 18.07.2009 «О кредитной кооперации», ст. 15.1;2009;open;false;true;https://www.cbr.ru/microfinance/registry/;https://www.cbr.ru/microfinance/registry/;https://reestr-reestrov.ru/r/reestr-kpk/
reestr-lombardov;Реестр ломбардов;Государственный реестр ломбардов;Банк России;196-ФЗ от 19.07.2007 «О ломбардах», ст. 2.5;2007;open;false;true;https://www.cbr.ru/microfinance/registry/;https://www.cbr.ru/microfinance/registry/;https://reestr-reestrov.ru/r/reestr-lombardov/
reestr-mfo;Реестр МФО;Государственный реестр микрофинансовых организаций;Банк России;151-ФЗ от 02.07.2010 «О микрофинансовой деятельности и микрофинансовых организациях», ст. 4;2011;open;false;true;https://www.cbr.ru/microfinance/registry/;https://www.cbr.ru/microfinance/registry/;https://reestr-reestrov.ru/r/reestr-mfo/
reestr-npf;Реестр НПФ;Реестр лицензий негосударственных пенсионных фондов;Банк России;75-ФЗ от 07.05.1998 «О негосударственных пенсионных фондах», ст. 7.1;1998;open;false;false;https://www.cbr.ru/registries/RSCI/activity_npf;https://www.cbr.ru/registries/RSCI/activity_npf;https://reestr-reestrov.ru/r/reestr-npf/
reestr-operatorov-platezhnyh-sistem;Реестр операторов платёжных систем;Реестр операторов платёжных систем;Банк России;161-ФЗ от 27.06.2011 «О национальной платёжной системе», ст. 15;2012;open;false;false;https://cbr.ru/registries/nps/rops/;https://cbr.ru/registries/nps/rops/;https://reestr-reestrov.ru/r/reestr-operatorov-platezhnyh-sistem/
reestr-ois-i-operatorov-obmena-cfa;Реестр операторов ЦФА;Реестр операторов информационных систем (ОИС) и операторов обмена цифровых финансовых активов (ЦФА);Банк России;259-ФЗ от 31.07.2020 «О цифровых финансовых активах, цифровой валюте...», ст. 7 и ст. 11;2021;open;false;false;https://www.cbr.ru/admissionfinmarket/register/;https://www.cbr.ru/vfs/finmarkets/files/supervision/list_ois.xlsx;https://reestr-reestrov.ru/r/reestr-ois-i-operatorov-obmena-cfa/
reestr-sro-finansovogo-rynka;Реестр СРО финансового рынка;Единый реестр саморегулируемых организаций в сфере финансового рынка;Банк России;223-ФЗ от 13.07.2015 «О саморегулируемых организациях в сфере финансового рынка», ст. 26;2016;open;false;false;https://cbr.ru/registries/sro/;https://cbr.ru/registries/sro/;https://reestr-reestrov.ru/r/reestr-sro-finansovogo-rynka/
reestr-pif-uk;Реестр УК и ПИФ;Реестр лицензий управляющих компаний инвестиционных фондов, паевых инвестиционных фондов и НПФ;Банк России;156-ФЗ от 29.11.2001 «Об инвестиционных фондах», ст. 60.1, ст. 19;2001;open;false;false;https://www.cbr.ru/registries/rsci/activity_uk_if/;https://www.cbr.ru/vfs/finmarkets/files/supervision/list_managementcompanies.xlsx;https://reestr-reestrov.ru/r/reestr-pif-uk/
svedeniya-o-bankovskih-schetah-fns;Сведения о банковских счетах (ФНС);Сведения об открытии и закрытии счетов (вкладов), электронных кошельков, поступающие в налоговые органы от банков;ФНС России;Налоговый кодекс РФ, ст. 86;1999;closed;false;false;https://lkfl2.nalog.ru/;https://lkfl2.nalog.ru/;https://reestr-reestrov.ru/r/svedeniya-o-bankovskih-schetah-fns/
svodnyy-reestr-uchastnikov-byudzhetnogo-processa;Сводный реестр участников и неучастников бюджетного процесса;Реестр участников бюджетного процесса, а также юридических лиц, не являющихся участниками бюджетного процесса (Сводный реестр);Федеральное казначейство;Бюджетный кодекс РФ, ст. 165 и 166.1;2015;open;true;false;https://www.budget.gov.ru/бюджет/расходы/реестр-участников-и-неучастников-бюджетного-процесса;https://www.budget.gov.ru/бюджет/расходы/реестр-участников-и-неучастников-бюджетного-процесса;https://reestr-reestrov.ru/r/svodnyy-reestr-uchastnikov-byudzhetnogo-processa/
spisok-nelegalov-cbr;Чёрный список ЦБ;Список компаний с выявленными признаками нелегальной деятельности на финансовом рынке;Банк России;86-ФЗ от 10.07.2002 «О Центральном банке Российской Федерации (Банке России)»;2016;open;false;false;https://www.cbr.ru/inside/warning-list/;https://www.cbr.ru/inside/warning-list/;https://reestr-reestrov.ru/r/spisok-nelegalov-cbr/
grls;ГРЛС;Государственный реестр лекарственных средств;Минздрав России;61-ФЗ от 12.04.2010 «Об обращении лекарственных средств», ст. 33;2010;open;false;true;https://grls.rosminzdrav.ru/;https://grls.rosminzdrav.ru/GRLS.aspx;https://reestr-reestrov.ru/r/grls/
reestr-medizdeliy;Реестр медицинских изделий;Государственный реестр медицинских изделий и организаций (индивидуальных предпринимателей), осуществляющих производство и изготовление медицинских изделий;Росздравнадзор;323-ФЗ от 21.11.2011 «Об основах охраны здоровья граждан в РФ», ст. 38;2012;open;false;true;https://roszdravnadzor.gov.ru/;https://elk.roszdravnadzor.gov.ru/widget/;https://reestr-reestrov.ru/r/reestr-medizdeliy/
reestr-licenzij-med-deyatelnost;Реестр медицинских лицензий;Реестр лицензий на осуществление медицинской деятельности;Росздравнадзор;99-ФЗ от 04.05.2011 «О лицензировании отдельных видов деятельности»;2011;open;false;false;https://roszdravnadzor.gov.ru/;https://roszdravnadzor.gov.ru/services/licenses;https://reestr-reestrov.ru/r/reestr-licenzij-med-deyatelnost/
reestr-medorganizaciy-oms;Реестр медорганизаций в системе ОМС;Единый реестр медицинских организаций, осуществляющих деятельность в сфере обязательного медицинского страхования;ФОМС;326-ФЗ от 29.11.2010 «Об обязательном медицинском страховании в РФ», ст. 15 и 44;2011;open;false;true;https://www.ffoms.gov.ru/documents/registry/MO/;https://www.ffoms.gov.ru/documents/registry/MO/;https://reestr-reestrov.ru/r/reestr-medorganizaciy-oms/
reestr-sgr-bad;Реестр СГР / БАД;Реестр свидетельств о государственной регистрации продукции (в т.ч. БАД);Роспотребнадзор;Решение Комиссии Таможенного союза № 299 от 28.05.2010 «О применении санитарных мер в Евразийском экономическом союзе»;2010;open;false;false;http://fp.crc.ru/;http://fp.crc.ru/evrazes/?type=max;https://reestr-reestrov.ru/r/reestr-sgr-bad/
reestr-strahovyh-medorganizaciy-oms;Реестр страховых медорганизаций (ОМС);Единый реестр страховых медицинских организаций, осуществляющих деятельность в сфере обязательного медицинского страхования;ФОМС;326-ФЗ от 29.11.2010 «Об обязательном медицинском страховании в РФ», ст. 14 и 44;2011;open;false;true;https://www.ffoms.gov.ru/documents/registry/CMO/;https://www.ffoms.gov.ru/documents/registry/CMO/;https://reestr-reestrov.ru/r/reestr-strahovyh-medorganizaciy-oms/
reestr-ekspertov-kachestva-medpomoshchi;Реестр экспертов качества медпомощи (ОМС);Единый реестр экспертов качества медицинской помощи;ФОМС;326-ФЗ от 29.11.2010 «Об обязательном медицинском страховании в РФ», ст. 40 ч. 7 и 7.1;2011;partial;false;true;https://www.ffoms.gov.ru/documents/registry/;https://www.ffoms.gov.ru/documents/registry/;https://reestr-reestrov.ru/r/reestr-ekspertov-kachestva-medpomoshchi/
frmo-frmr;ФРМО/ФРМР;Федеральный регистр медицинских организаций и Федеральный регистр медицинских работников;Минздрав России;323-ФЗ от 21.11.2011 «Об основах охраны здоровья граждан в РФ», ст. 91.1, 93;2013;partial;true;false;https://egisz.rosminzdrav.ru/;https://nsi.rosminzdrav.ru/dictionaries/1.2.643.5.1.13.13.11.1461/passport/latest;https://reestr-reestrov.ru/r/frmo-frmr/
bdpn;БДПН (перенесённые мобильные номера);База данных перенесённых абонентских номеров (БДПН);Минцифры России;126-ФЗ от 07.07.2003 «О связи», ст. 44 п. 4;2013;open;false;false;https://www.nic-t.ru/bdpn/;https://www.nic-t.ru/bdpn/bdpn-proverka-nomera/;https://reestr-reestrov.ru/r/bdpn/
erir;ЕРИР;Единый реестр интернет-рекламы;Роскомнадзор;347-ФЗ от 02.07.2021;2022;partial;true;false;https://erir.grfc.ru/;https://erir.grfc.ru/;https://reestr-reestrov.ru/r/erir/
perechen-doverennogo-po;Перечень доверенного ПО;Перечень доверенного программного обеспечения;Минцифры России;149-ФЗ «Об информации, информационных технологиях и о защите информации», ст. 12.1 в редакции 325-ФЗ;2026;open;false;false;https://reestr.digital.gov.ru/;https://reestr.digital.gov.ru/;https://reestr-reestrov.ru/r/perechen-doverennogo-po/
perechen-znachimyh-razrabotchikov;Перечень значимых разработчиков ПО;Перечень значимых разработчиков российского программного обеспечения;Минцифры России;149-ФЗ «Об информации, информационных технологиях и о защите информации», ст. 12.1 в редакции 325-ФЗ;2026;open;false;false;https://digital.gov.ru/;https://digital.gov.ru/;https://reestr-reestrov.ru/r/perechen-znachimyh-razrabotchikov/
perechen-po-dlya-sobstvennyh-nuzhd;Перечень ПО для собственных нужд;Перечень российского программного обеспечения, созданного для собственных нужд;Минцифры России;149-ФЗ «Об информации, информационных технологиях и о защите информации», ст. 12.1 в редакции 325-ФЗ;2026;closed;false;false;https://reestr.digital.gov.ru/;https://reestr.digital.gov.ru/;https://reestr-reestrov.ru/r/perechen-po-dlya-sobstvennyh-nuzhd/
reestr-akkreditovannyh-it-organizaciy;Реестр аккредитованных IT-компаний;Реестр аккредитованных организаций, осуществляющих деятельность в области информационных технологий;Минцифры России;"ПП РФ №1729 от 30.09.2022 ""Об утверждении Положения о государственной аккредитации российских организаций, осуществляющих деятельность в области информационных технологий""";2021;open;false;false;https://www.gosuslugi.ru/itorgs;https://www.gosuslugi.ru/itorgs;https://reestr-reestrov.ru/r/reestr-akkreditovannyh-it-organizaciy/
reestr-baz-dannyh;Реестр баз данных (Роспатент);Реестр баз данных (государственная регистрация);Роспатент;Гражданский кодекс РФ, часть 4, ст. 1262;1992;open;false;true;https://rospatent.gov.ru/opendata/7730176088-bd;https://fips.ru/registers-web/action?acName=clickRegister&regName=DB;https://reestr-reestrov.ru/r/reestr-baz-dannyh/
perechen-blogerov;Реестр блогеров 10 000+;Перечень блогеров — владельцев страниц в социальных сетях с аудиторией более 10 000 пользователей;Роскомнадзор;"303-ФЗ от 08.08.2024 ""О внесении изменений в Федеральный закон 'О связи' и отдельные законодательные акты Российской Федерации""";2024;partial;false;false;https://rkn.gov.ru/;https://www.gosuslugi.ru/;https://reestr-reestrov.ru/r/perechen-blogerov/
reestr-vladelcev-socsetey;Реестр владельцев соцсетей;Реестр социальных сетей;Роскомнадзор;530-ФЗ от 30.12.2020;2021;open;false;false;https://530-fz.rkn.gov.ru/;https://530-fz.rkn.gov.ru/information/;https://reestr-reestrov.ru/r/reestr-vladelcev-socsetey/
reestr-gis;Реестр ГИС;Реестр федеральных государственных информационных систем;Минцифры России;"149-ФЗ от 27.07.2006 ""Об информации, информационных технологиях и о защите информации"", ст.14";2015;partial;false;true;https://portal.eskigov.ru/;https://portal.eskigov.ru/;https://reestr-reestrov.ru/r/reestr-gis/
reestr-evraziyskogo-po;Реестр евразийского ПО;Единый реестр программ для электронных вычислительных машин и баз данных государств — членов ЕАЭС (кроме РФ);Минцифры России;ПП РФ №1236 от 16.11.2015;2019;open;false;true;https://eac-reestr.digital.gov.ru/;https://eac-reestr.digital.gov.ru/reestr/;https://reestr-reestrov.ru/r/reestr-evraziyskogo-po/
reestr-znachimyh-obektov-kii;Реестр значимых объектов КИИ;Реестр значимых объектов критической информационной инфраструктуры;ФСТЭК России;"187-ФЗ от 26.07.2017 ""О безопасности критической информационной инфраструктуры Российской Федерации"", ст.8";2017;closed;false;false;https://fstec.ru/;https://fstec.ru/;https://reestr-reestrov.ru/r/reestr-znachimyh-obektov-kii/
reestr-licenzij-svyazi;Реестр лицензий связи;Реестр лицензий в области связи;Роскомнадзор;"126-ФЗ от 07.07.2003 ""О связи""";2003;open;false;false;https://rkn.gov.ru/activity/connection/register/license/;https://rkn.gov.ru/activity/connection/register/license/;https://reestr-reestrov.ru/r/reestr-licenzij-svyazi/
reestr-operatorov-ord;Реестр операторов ОРД;Перечень операторов рекламных данных;Роскомнадзор;"347-ФЗ от 02.07.2021 ""О внесении изменений в Федеральный закон 'О рекламе'""";2022;open;false;false;https://rkn.gov.ru/activity/register-ord/register/;https://rkn.gov.ru/activity/register-ord/register/;https://reestr-reestrov.ru/r/reestr-operatorov-ord/
reestr-operatorov-pdn;Реестр операторов персональных данных;Реестр операторов, осуществляющих обработку персональных данных;Роскомнадзор;"152-ФЗ от 27.07.2006 ""О персональных данных"", ст.22";2006;open;false;false;https://pd.rkn.gov.ru/;https://pd.rkn.gov.ru/operators-registry/;https://reestr-reestrov.ru/r/reestr-operatorov-pdn/
reestr-ori;Реестр ОРИ;Реестр организаторов распространения информации в сети «Интернет»;Роскомнадзор;97-ФЗ от 05.05.2014;2014;open;false;false;https://97-fz.rkn.gov.ru/;https://97-fz.rkn.gov.ru/;https://reestr-reestrov.ru/r/reestr-ori/
reestr-operatorov-fiskalnyh-dannyh;Реестр ОФД;Реестр операторов фискальных данных;ФНС России;"54-ФЗ от 22.05.2003 ""О применении контрольно-кассовой техники при осуществлении расчётов в Российской Федерации"", ст.4.5-4.6";2017;open;false;false;https://www.nalog.gov.ru/;https://www.nalog.gov.ru/rn77/related_activities/registries/fiscaloperators/;https://reestr-reestrov.ru/r/reestr-operatorov-fiskalnyh-dannyh/
reestr-sistemy-i-plana-numeracii;Реестр плана нумерации (коды и диапазоны номеров);Реестр Российской системы и плана нумерации;Минцифры России;126-ФЗ от 07.07.2003 «О связи», ст. 26;2004;open;false;true;https://opendata.digital.gov.ru/registry/numeric;https://opendata.digital.gov.ru/registry/numeric/downloads/;https://reestr-reestrov.ru/r/reestr-sistemy-i-plana-numeracii/
reestr-programm-evm;Реестр программ ЭВМ (Роспатент);Реестр программ для электронных вычислительных машин (государственная регистрация);Роспатент;Гражданский кодекс РФ, часть IV, ст.1262;1992;open;false;true;https://rospatent.gov.ru/opendata/7730176088-evm;https://fips.ru/registers-web/action?acName=clickRegister&regName=EVM;https://reestr-reestrov.ru/r/reestr-programm-evm/
reestr-radioelektroniki;Реестр радиоэлектроники (ЕРРЭП);Единый реестр российской радиоэлектронной продукции;Минпромторг России;"ПП РФ №878 от 10.07.2019 ""О мерах стимулирования производства радиоэлектронной продукции на территории РФ при осуществлении закупок товаров, работ, услуг для обеспечения государственных и муниципальных нужд""";2019;open;false;true;https://gisp.gov.ru/;https://gisp.gov.ru/;https://reestr-reestrov.ru/r/reestr-radioelektroniki/
reestr-rossiyskogo-po;Реестр российского ПО;Единый реестр российских программ для электронных вычислительных машин и баз данных;Минцифры России;"ПП РФ №1236 от 16.11.2015 ""Об утверждении Правил формирования и ведения единого реестра российских программ для ЭВМ и баз данных...""";2016;open;false;true;https://reestr.digital.gov.ru/;https://reestr.digital.gov.ru/;https://reestr-reestrov.ru/r/reestr-rossiyskogo-po/
reestr-smi;Реестр СМИ;Реестр зарегистрированных средств массовой информации;Роскомнадзор;"Закон РФ от 27.12.1991 №2124-1 ""О средствах массовой информации"", ст.8";1991;open;false;false;https://rkn.gov.ru/mass-communications/reestr/media/;https://rkn.gov.ru/mass-communications/reestr/media/;https://reestr-reestrov.ru/r/reestr-smi/
reestr-topologiy-ims;Реестр топологий ИМС;Реестр топологий интегральных микросхем;Роспатент;Гражданский кодекс РФ, часть 4, ст. 1452 п. 5;1992;open;false;true;https://rospatent.gov.ru/opendata/7730176088-tims;https://fips.ru/registers-web/action?acName=clickRegister&regName=TIMS;https://reestr-reestrov.ru/r/reestr-topologiy-ims/
reestr-udc;Реестр удостоверяющих центров;Реестр аккредитованных удостоверяющих центров;Минцифры России;"63-ФЗ от 06.04.2011 ""Об электронной подписи"", ст.16";2011;open;false;false;https://e-trust.gosuslugi.ru/;https://e-trust.gosuslugi.ru/CA;https://reestr-reestrov.ru/r/reestr-udc/
reestr-hosting-provaiderov;Реестр хостинг-провайдеров;Реестр провайдеров хостинга;Роскомнадзор;"406-ФЗ от 31.07.2023 ""О внесении изменений в Федеральный закон 'Об информации, информационных технологиях и о защите информации' и Федеральный закон 'О связи'""";2023;open;false;false;https://rkn.gov.ru/;https://service.rkn.gov.ru/monitoring/rph;https://reestr-reestrov.ru/r/reestr-hosting-provaiderov/
reestry-licenzij-fsb;Реестры лицензий ФСБ (СКЗИ, СТС);Реестры лицензий ФСБ России: шифровальные (криптографические) средства, средства защиты конфиденциальной информации, выявление электронных устройств, специальные технические средства;ФСБ России;99-ФЗ от 04.05.2011 «О лицензировании отдельных видов деятельности», ст. 12 и 21;2012;partial;false;false;http://clsz.fsb.ru/clsz/license.htm;http://clsz.fsb.ru/clsz/license.htm;https://reestr-reestrov.ru/r/reestry-licenzij-fsb/
bank-dannyh-ispolnitelnyh-proizvodstv;БДИП ФССП;Банк данных исполнительных производств;ФССП России;229-ФЗ от 02.10.2007 «Об исполнительном производстве», ст. 6.1;2007;open;false;true;https://fssp.gov.ru/iss/ip/;https://fssp.gov.ru/iss/ip/;https://reestr-reestrov.ru/r/bank-dannyh-ispolnitelnyh-proizvodstv/
gas-pravosudie;Дела судов общей юрисдикции (ГАС «Правосудие»);ГАС «Правосудие»: сведения о делах судов общей юрисдикции;Судебный департамент;262-ФЗ от 22.12.2008 «Об обеспечении доступа к информации о деятельности судов в РФ», ст. 14 и 15;2010;open;false;false;https://sudrf.ru/;https://sudrf.ru/index.php?id=300;https://reestr-reestrov.ru/r/gas-pravosudie/
egisso;ЕГИССО;Единая государственная информационная система социального обеспечения;Социальный фонд России;178-ФЗ от 17.07.1999 «О государственной социальной помощи», гл. 2.2;2017;partial;true;false;https://egisso.ru/;https://www.gosuslugi.ru/;https://reestr-reestrov.ru/r/egisso/
egr-zags;ЕГР ЗАГС;Единый государственный реестр записей актов гражданского состояния;ФНС России;143-ФЗ от 15.11.1997 «Об актах гражданского состояния»;2018;closed;false;false;https://zags.nalog.gov.ru/;https://www.gosuslugi.ru/;https://reestr-reestrov.ru/r/egr-zags/
edinyi-reestr-naseleniya;Единый регистр населения (ЕРН);Единый федеральный информационный регистр, содержащий сведения о населении Российской Федерации;ФНС России;168-ФЗ от 08.06.2020 «О едином федеральном информационном регистре, содержащем сведения о населении Российской Федерации»;2020;partial;false;false;https://www.nalog.gov.ru/;https://www.gosuslugi.ru/;https://reestr-reestrov.ru/r/edinyi-reestr-naseleniya/
proverka-voditelskih-udostovereniy;Проверка водительского удостоверения (ГИБДД);Сведения о российских национальных водительских удостоверениях (проверка водительского удостоверения);МВД России;196-ФЗ от 10.12.1995 «О безопасности дорожного движения», ст. 25 и 27;2015;partial;false;false;https://xn--80aebkobnwfcnsfk1e0h.xn--p1ai/;https://www.gosuslugi.ru/;https://reestr-reestrov.ru/r/proverka-voditelskih-udostovereniy/
reestr-doverennostey;Реестр доверенностей (ФНП);Реестр нотариальных доверенностей Единой информационной системы нотариата;ФНП;Основы законодательства РФ о нотариате от 11.02.1993 № 4462-1, ст. 34.2-34.4;2017;open;false;false;https://notariat.ru/;https://reestr-dover.ru/;https://reestr-reestrov.ru/r/reestr-doverennostey/
edinyi-reestr-mnogodetnyh-semey;Реестр многодетных семей;Единый реестр многодетных семей;Социальный фонд России;Указ Президента РФ от 23.01.2024 № 63 «О мерах социальной поддержки многодетных семей»;2024;closed;false;false;https://www.gosuslugi.ru/;https://www.gosuslugi.ru/;https://reestr-reestrov.ru/r/edinyi-reestr-mnogodetnyh-semey/
reestr-nasledstvennyh-del;Реестр наследственных дел;Реестр наследственных дел Единой информационной системы нотариата;ФНП;Основы законодательства РФ о нотариате от 11.02.1993 № 4462-1, ст. 34.2-34.4;2015;open;false;false;https://notariat.ru/ru-ru/help/probate-cases/;https://notariat.ru/ru-ru/help/probate-cases/;https://reestr-reestrov.ru/r/reestr-nasledstvennyh-del/
nedeystvitelnye-pasporta;Реестр недействительных паспортов;Список недействительных паспортов граждан Российской Федерации;МВД России;Постановление Правительства РФ от 08.07.1997 № 828 «Об утверждении Положения о паспорте гражданина Российской Федерации»;2010;open;false;true;https://мвд.рф/;https://www.gosuslugi.ru/621102/1/form;https://reestr-reestrov.ru/r/nedeystvitelnye-pasporta/
reestr-udostovereniy-na-upravlenie-malomernym-sudnom;Реестр удостоверений ГИМС (права на катер);Реестр удостоверений на право управления маломерными судами;МЧС России;4-ФЗ от 03.02.2025 «О безопасности людей на водных объектах», ст. 9, 22;2025;partial;false;false;https://digital.mchs.gov.ru/gims;https://digital.mchs.gov.ru/gims/passport;https://reestr-reestrov.ru/r/reestr-udostovereniy-na-upravlenie-malomernym-sudnom/
reestr-ekspertov-gosudarstvennoy-istoriko-kulturnoy-ekspertizy;Аттестованные эксперты ГИКЭ (Минкультуры);Список физических лиц, которые могут привлекаться в качестве экспертов по проведению государственной историко-культурной экспертизы;Минкультуры России;73-ФЗ от 25.06.2002 «Об объектах культурного наследия (памятниках истории и культуры) народов РФ», ст. 9, ст. 28-32;2016;open;false;true;https://culture.gov.ru/about/departments/departament_gosudarstvennoy_okhrany_kulturnogo_naslediya/activities/409746/;https://opendata.mkrf.ru/opendata/7705851331-certified_experts;https://reestr-reestrov.ru/r/reestr-ekspertov-gosudarstvennoy-istoriko-kulturnoy-ekspertizy/
reestr-kvalifikacionnyh-attestatov-upravlenie-mkd;Квалификационные аттестаты управляющих МКД;Реестр квалификационных аттестатов на право управления многоквартирными домами;Минстрой России;Жилищный кодекс РФ, ст. 202;2015;open;false;false;https://dom.gosuslugi.ru/#!/rka-public/;https://dom.gosuslugi.ru/#!/rka-public/;https://reestr-reestrov.ru/r/reestr-kvalifikacionnyh-attestatov-upravlenie-mkd/
reestr-advokatov;Реестр адвокатов;Единый государственный реестр адвокатов Российской Федерации;Минюст России;63-ФЗ от 31.05.2002 «Об адвокатской деятельности и адвокатуре в РФ», ст. 14;2002;open;false;false;https://minjust.gov.ru/ru/pages/advokaty-rossijskoj-federacii/;https://minjust.gov.ru/ru/pages/advokaty-rossijskoj-federacii/;https://reestr-reestrov.ru/r/reestr-advokatov/
reestr-attestovannyh-ocenka-pozharnogo-riska;Реестр аттестованных по оценке пожарного риска (МЧС);Реестр аттестованных должностных лиц, осуществляющих деятельность в области оценки пожарного риска;МЧС России;123-ФЗ от 22.07.2008, ст. 144;2022;open;false;false;https://digital.mchs.gov.ru/fgpn/cert/risk;https://digital.mchs.gov.ru/fgpn/cert/risk;https://reestr-reestrov.ru/r/reestr-attestovannyh-ocenka-pozharnogo-riska/
reestr-attestovannyh-proektirovanie-pb;Реестр аттестованных проектировщиков средств пожарной безопасности (МЧС);Реестр аттестованных лиц на право проектирования средств обеспечения пожарной безопасности зданий и сооружений, которые введены в эксплуатацию;МЧС России;ПП РФ от 28.01.2026 № 55 «О порядке проведения аттестации, переаттестации, досрочного прекращения действия квалификационного аттестата и ведения реестра аттестованных лиц на право проектирования средств обеспечения пожарной безопасности зданий и сооружений, которые введены в эксплуатацию»;2022;open;false;false;https://digital.mchs.gov.ru/fgpn/cert/project;https://digital.mchs.gov.ru/fgpn/cert/project;https://reestr-reestrov.ru/r/reestr-attestovannyh-proektirovanie-pb/
reestr-attestovannyh-specialistov-restavratorov;Реестр аттестованных реставраторов (Минкультуры);Реестр аттестованных специалистов в области сохранения объектов культурного наследия (за исключением спасательных археологических полевых работ), в области реставрации иных культурных ценностей;Минкультуры России;73-ФЗ от 25.06.2002 «Об объектах культурного наследия (памятниках истории и культуры) народов РФ», ст. 45 п. 6 и ст. 9;2017;open;false;true;https://culture.gov.ru/about/departments/departament_gosudarstvennoy_okhrany_kulturnogo_naslediya/activities/attestation/;https://opendata.mkrf.ru/opendata/7705851331-certified_specialist;https://reestr-reestrov.ru/r/reestr-attestovannyh-specialistov-restavratorov/
reestr-ekspertov-mchs-goskontrol;Реестр аттестованных экспертов МЧС;Реестр экспертов, привлекаемых МЧС России и его территориальными органами к осуществлению экспертизы в целях государственного контроля (надзора);МЧС России;248-ФЗ от 31.07.2020 «О государственном контроле (надзоре) и муниципальном контроле в Российской Федерации», ст. 33;2021;open;false;false;https://mchs.gov.ru/deyatelnost/attestaciya-i-akkreditaciya/attestaciya-ekspertov-privlekaemyh-mchs-rossii-k-osushchestvleniyu-ekspertizy-v-celyah-gosudarstvennogo-kontrolya-nadzora;https://digital.mchs.gov.ru/fgpn/cert/expert;https://reestr-reestrov.ru/r/reestr-ekspertov-mchs-goskontrol/
reestr-attestovannyh-ekspertov-rosobrnadzora;Реестр аттестованных экспертов Рособрнадзора для проверок;Реестр аттестованных экспертов, привлекаемых Рособрнадзором к осуществлению экспертизы в целях государственного контроля (надзора);Рособрнадзор;248-ФЗ от 31.07.2020 «О государственном контроле (надзоре) и муниципальном контроле в РФ», ст. 33 ч. 1;2015;open;false;true;https://obrnadzor.gov.ru/gosudarstvennye-uslugi-i-funkczii/7701537808-gosfunction/gosudarstvennyj-kontrol-nadzor-v-sfere-obrazovaniya-za-deyatelnostyu-organizaczij-osushhestvlyayushhih-obrazovatelnuyu-deyatelnost/attestacziya-ekspertov-privlekaemyh-rosobrnadzorom-k-provedeniyu-meropriyatij-po-kontrolyu-nadzoru/;https://obrnadzor.gov.ru/otkrytoe-pravitelstvo/opendata/7701537808-experts/;https://reestr-reestrov.ru/r/reestr-attestovannyh-ekspertov-rosobrnadzora/
reestr-attestovannyh-ekspertov-rospatenta;Реестр аттестованных экспертов Роспатента (архив);Реестр аттестованных экспертов, привлекаемых Федеральной службой по интеллектуальной собственности к проведению мероприятий по контролю;Роспатент;Приказ Роспатента от 16.03.2017 № 41 об аттестации экспертов по 294-ФЗ;2017;open;false;false;https://rospatent.gov.ru/content/uploadfiles/reestr_exp.pdf;https://rospatent.gov.ru/content/uploadfiles/reestr_exp.pdf;https://reestr-reestrov.ru/r/reestr-attestovannyh-ekspertov-rospatenta/
reestr-gidov-ekskursovodov;Реестр гидов-экскурсоводов;Единый федеральный реестр экскурсоводов (гидов) и гидов-переводчиков;Минэкономразвития России;132-ФЗ от 24.11.1996 «Об основах туристской деятельности в РФ», ст. 4.4;2021;open;false;false;https://www.economy.gov.ru/material/directions/turizm/reestry_turizm/;https://www.economy.gov.ru/material/directions/turizm/reestry_turizm/;https://reestr-reestrov.ru/r/reestr-gidov-ekskursovodov/
reestr-kadastrovyh-inzhenerov;Реестр кадастровых инженеров;Государственный реестр кадастровых инженеров;Росреестр;221-ФЗ от 24.07.2007 «О кадастровой деятельности», ст. 30.2 и ст. 30.4;2010;open;false;false;https://rosreestr.gov.ru/;https://rosreestr.gov.ru/wps/portal/p/cc_ib_portal_services/cc_ib_sro_reestrs;https://reestr-reestrov.ru/r/reestr-kadastrovyh-inzhenerov/
reestr-kvalifikacionnyh-attestatov-ocenshchikov;Реестр квалификационных аттестатов оценщиков;Единый реестр квалификационных аттестатов в области оценочной деятельности;Росреестр;135-ФЗ от 29.07.1998 «Об оценочной деятельности в РФ», ст. 21.1;2017;open;false;false;https://rosreestr.gov.ru/wps/portal/p/present_new/cc_sro_reestr;https://rosreestr.gov.ru/wps/portal/p/present_new/cc_sro_reestr;https://reestr-reestrov.ru/r/reestr-kvalifikacionnyh-attestatov-ocenshchikov/
reestr-nezavisimyh-antikorrupcionnyh-ekspertov;Реестр независимых антикоррупционных экспертов;Государственный реестр независимых экспертов, получивших аккредитацию на проведение антикоррупционной экспертизы нормативных правовых актов и проектов нормативных правовых актов;Минюст России;172-ФЗ от 17.07.2009 «Об антикоррупционной экспертизе нормативных правовых актов и проектов нормативных правовых актов», ст. 5;2009;open;false;true;https://minjust.gov.ru/ru/pages/gosudarstvennyj-reestr-nezavisimyh/;https://minjust.gov.ru/ru/pages/gosudarstvennyj-reestr-nezavisimyh/;https://reestr-reestrov.ru/r/reestr-nezavisimyh-antikorrupcionnyh-ekspertov/
reestr-notariusov;Реестр нотариусов;Реестр нотариусов и лиц, сдавших квалификационный экзамен;Минюст России;Основы законодательства РФ о нотариате от 11.02.1993 № 4462-I, ст. 9.1;1993;open;false;false;https://minjust.gov.ru/ru/pages/reestr-notariusov-rossijskoj-federacii/;https://minjust.gov.ru/ru/pages/reestr-notariusov-rossijskoj-federacii/;https://reestr-reestrov.ru/r/reestr-notariusov/
reestr-patentnyh-poverennyh;Реестр патентных поверенных;Реестр патентных поверенных Российской Федерации;Роспатент;316-ФЗ от 30.12.2008 «О патентных поверенных», ст. 7;2009;open;false;true;https://rospatent.gov.ru/ru/patent-attorneys/list;https://rospatent.gov.ru/ru/patent-attorneys/list;https://reestr-reestrov.ru/r/reestr-patentnyh-poverennyh/
reestr-sro-arbitrazhnyh-upravlyayushchih;Реестр СРО арбитражных управляющих;Единый государственный реестр саморегулируемых организаций арбитражных управляющих;Росреестр;127-ФЗ от 26.10.2002 «О несостоятельности (банкротстве)», ст. 21, 22.2;2002;open;false;true;https://rosreestr.gov.ru/;https://rosreestr.gov.ru/activity/vnesenie-svedeniy-v-gosudarstvennyy-reestr-samoreguliruemykh-organizatsiy-operatorov-elektronnykh-pl/poluchenie-svedeniy-iz-edinogo-gosudarstvennogo-reestra-samoreguliruemykh-organizatsiy-arbitrazhnykh/;https://reestr-reestrov.ru/r/reestr-sro-arbitrazhnyh-upravlyayushchih/
reestr-sro-kadastrovyh-inzhenerov;Реестр СРО кадастровых инженеров;Государственный реестр саморегулируемых организаций кадастровых инженеров;Росреестр;221-ФЗ от 24.07.2007 «О кадастровой деятельности», ст. 30.1;2016;open;false;false;https://rosreestr.gov.ru/wps/portal/p/present_new/cc_sro_reestr;https://rosreestr.gov.ru/wps/portal/p/present_new/cc_sro_reestr;https://reestr-reestrov.ru/r/reestr-sro-kadastrovyh-inzhenerov/
reestr-sro-mediatorov;Реестр СРО медиаторов;Государственный реестр саморегулируемых организаций медиаторов;Росреестр;193-ФЗ от 27.07.2010 «Об альтернативной процедуре урегулирования споров с участием посредника (процедуре медиации)», ст. 18;2011;open;false;false;https://rosreestr.gov.ru/wps/portal/p/present_new/cc_sro_reestr;https://rosreestr.gov.ru/wps/portal/p/present_new/cc_sro_reestr;https://reestr-reestrov.ru/r/reestr-sro-mediatorov/
egr-sro-ocenshchikov;Реестр СРО оценщиков;Единый государственный реестр саморегулируемых организаций оценщиков;Росреестр;135-ФЗ от 29.07.1998 «Об оценочной деятельности в РФ», ст. 22 и 24.4;2008;open;false;false;https://rosreestr.gov.ru/wps/portal/p/present_new/cc_sro_reestr;https://rosreestr.gov.ru/wps/portal/p/present_new/cc_sro_reestr;https://reestr-reestrov.ru/r/egr-sro-ocenshchikov/
reestr-sro-elektronnyh-ploshchadok;Реестр СРО электронных площадок;Государственный реестр саморегулируемых организаций операторов электронных площадок;Росреестр;127-ФЗ от 26.10.2002 «О несостоятельности (банкротстве)», ст. 111.1;2011;open;false;false;https://rosreestr.gov.ru/wps/portal/p/present_new/cc_sro_reestr;https://rosreestr.gov.ru/wps/portal/p/present_new/cc_sro_reestr;https://reestr-reestrov.ru/r/reestr-sro-elektronnyh-ploshchadok/
reestr-turoperatorov;Реестр туроператоров;Единый федеральный реестр туроператоров;Минэкономразвития России;132-ФЗ от 24.11.1996 «Об основах туристской деятельности в РФ», ст. 4.2;2007;open;false;false;https://www.economy.gov.ru/material/directions/turizm/reestry_turizm/edinyy_federalnyy_reestr_turoperatorov/;https://www.economy.gov.ru/material/directions/turizm/reestry_turizm/edinyy_federalnyy_reestr_turoperatorov/;https://reestr-reestrov.ru/r/reestr-turoperatorov/
reestr-uvolennyh-v-svyazi-s-utratoy-doveriya;Реестр уволенных по утрате доверия;Реестр лиц, уволенных в связи с утратой доверия;Минтруд России;273-ФЗ от 25.12.2008 «О противодействии коррупции», ст. 15;2018;open;false;false;https://gossluzhba.gov.ru/;https://gossluzhba.gov.ru/;https://reestr-reestrov.ru/r/reestr-uvolennyh-v-svyazi-s-utratoy-doveriya/
reestr-ekspertov-akkreditacionnoy-ekspertizy;Реестр экспертов аккредитации образования (Рособрнадзор);Реестр экспертов и экспертных организаций, привлекаемых к аккредитационной экспертизе;Рособрнадзор;273-ФЗ от 29.12.2012 «Об образовании в Российской Федерации», ст. 92 ч. 19;2013;open;false;false;https://obrnadzor.gov.ru/gosudarstvennye-uslugi-i-funkczii/gosudarstvennye-uslugi/gosudarstvennaya-akkreditacziya/akkreditacziya-ekspertov-i-ekspertnyh-organizaczij/;https://isga.obrnadzor.gov.ru/registries/experts/;https://reestr-reestrov.ru/r/reestr-ekspertov-akkreditacionnoy-ekspertizy/
reestr-ekspertov-prombezopasnost;Реестр экспертов промбезопасности;Реестр экспертов в области промышленной безопасности;Ростехнадзор;116-ФЗ от 21.07.1997 «О промышленной безопасности опасных производственных объектов», ст. 13;1997;open;false;false;https://www.gosnadzor.ru/service/list/certification%20experts/index.php;https://www.gosnadzor.ru/service/list/certification%20experts/index.php;https://reestr-reestrov.ru/r/reestr-ekspertov-prombezopasnost/
reestr-svidetelstv-dopog-voditeley;Свидетельства ДОПОГ водителей;Реестр свидетельств о подготовке водителей автотранспортных средств, перевозящих опасные грузы (свидетельств ДОПОГ);Ространснадзор;Порядок выдачи свидетельств о подготовке водителей автотранспортных средств, перевозящих опасные грузы, и утверждения курсов такой подготовки, приказ Минтранса России от 30.07.2020 № 265;2021;partial;false;false;https://rostransnadzor.gov.ru/deyatelnost/113;https://rostransnadzor.gov.ru/deyatelnost/razresitelnye-dokumenty;https://reestr-reestrov.ru/r/reestr-svidetelstv-dopog-voditeley/
svodnyj-reestr-arbitrazhnyh-upravlyayushchih;Сводный реестр арбитражных управляющих;Сводный государственный реестр арбитражных управляющих;Росреестр;127-ФЗ от 26.10.2002 «О несостоятельности (банкротстве)», ст. 29;2009;open;false;false;https://rosreestr.gov.ru/wps/portal/p/present_new/cc_sro_reestr;https://rosreestr.gov.ru/wps/portal/p/present_new/cc_sro_reestr;https://reestr-reestrov.ru/r/svodnyj-reestr-arbitrazhnyh-upravlyayushchih/
svodnyj-reestr-ocenshchikov;Сводный реестр оценщиков;Сводный реестр членов саморегулируемых организаций оценщиков;Росреестр;135-ФЗ от 29.07.1998 «Об оценочной деятельности в РФ», ст. 22.2;2008;open;false;false;https://rosreestr.gov.ru/wps/portal/p/present_new/cc_sro_reestr;https://rosreestr.gov.ru/wps/portal/p/present_new/cc_sro_reestr;https://reestr-reestrov.ru/r/svodnyj-reestr-ocenshchikov/
berbout-charternyy-reestr;Бербоут-чартерный реестр;Бербоут-чартерный реестр Российской Федерации;Росморречфлот;КТМ РФ, ст. 33 п. 6, ст. 15 пп. 2-3, ст. 38, ст. 40;1999;partial;false;false;https://morflot.gov.ru/deyatelnost/napravleniya_deyatelnosti/morskoy_flot/gosudarstvennaya_registratsiya_morskih_sudov_i_prav_na_nih/;https://www.mapm.ru/RegistrationShip/PubServices;https://reestr-reestrov.ru/r/berbout-charternyy-reestr/
gosudarstvennyy-vodnyy-reestr;ГВР (водный реестр, Росводресурсы);Государственный водный реестр;Росводресурсы;Водный кодекс РФ от 03.06.2006 № 74-ФЗ, ст. 31;2007;partial;false;false;https://voda.gov.ru/activities/gosudarstvennyy-vodnyy-reestr/;https://voda.gov.ru/tsifrovoe-agentstvo/gosudarstvennye-uslugi/predostavlenie-svedeniy-iz-gosudarstvennogo-vodnogo-reestra-i-kopiy-dokumentov-soderzhashchikh-svedeniya-vklyuchennye-v-gosudarstvennyy-vodnyy-reestr/;https://reestr-reestrov.ru/r/gosudarstvennyy-vodnyy-reestr/
gis-zhkh-reestr-obektov-zhilishchnogo-fonda;ГИС ЖКХ (реестр домов);Государственная информационная система жилищно-коммунального хозяйства (ГИС ЖКХ): реестр объектов жилищного фонда;Минстрой России;209-ФЗ от 21.07.2014 «О государственной информационной системе жилищно-коммунального хозяйства», ст. 6, ст. 7;2014;open;false;false;https://dom.gosuslugi.ru/;https://dom.gosuslugi.ru/#!/houses;https://reestr-reestrov.ru/r/gis-zhkh-reestr-obektov-zhilishchnogo-fonda/
gosudarstvennyy-lesnoy-reestr;ГЛР (лесной реестр, ФГИС ЛК Рослесхоза);Государственный лесной реестр;Рослесхоз;Лесной кодекс РФ от 04.12.2006 № 200-ФЗ, ст. 93.1-93.8;2007;partial;false;false;https://rosleshoz.gov.ru/activity/forest-register/;https://pub.fgislk.gov.ru/;https://reestr-reestrov.ru/r/gosudarstvennyy-lesnoy-reestr/
gosreestr-aerodromov-vertodromov;Госреестр аэродромов гражданской авиации;Государственный реестр аэродромов и вертодромов гражданской авиации Российской Федерации;Росавиация;Воздушный кодекс РФ, ст. 41 п. 1;2015;open;false;true;https://favt.gov.ru/dejatelnost-ajeroporty-i-ajerodromy-reestr-grajdanskih-ajerodromov-rf/;https://favt.gov.ru/dejatelnost-ajeroporty-i-ajerodromy-reestr-grajdanskih-ajerodromov-rf/;https://reestr-reestrov.ru/r/gosreestr-aerodromov-vertodromov/
gosreestr-grazhdanskih-vozdushnyh-sudov;Госреестр гражданских воздушных судов (RA-);Государственный реестр гражданских воздушных судов Российской Федерации;Росавиация;Воздушный кодекс РФ, ст. 33 п. 1.1 и 2;1997;partial;false;false;https://favt.gov.ru/dejatelnost-gosudarstvennaa-registracia-vs-i-uchet-bvs-svs-gosreestr-grazhdanskih-vs/;https://favt.gov.ru/dejatelnost-gosudarstvennaa-registracia-vs-i-uchet-bvs-svs-gosreestr-grazhdanskih-vs/;https://reestr-reestrov.ru/r/gosreestr-grazhdanskih-vozdushnyh-sudov/
gosudarstvennyy-sudovoy-reestr;Государственный судовой реестр;Государственный судовой реестр Российской Федерации (морские порты);Росморречфлот;Кодекс торгового мореплавания РФ, ст. 33, 35, 39, 50;1999;partial;false;false;https://morflot.gov.ru/deyatelnost/napravleniya_deyatelnosti/morskoy_flot/gosudarstvennaya_registratsiya_morskih_sudov_i_prav_na_nih/;https://www.mapm.ru/RegistrationShip/PubServices;https://reestr-reestrov.ru/r/gosudarstvennyy-sudovoy-reestr/
gis-zhkh-gotovnost-k-otopitelnomu-periodu;Готовность к отопительному сезону (ГИС ЖКХ);Реестр информации о готовности к отопительному сезону (периоду) в ГИС ЖКХ;Минстрой России;209-ФЗ от 21.07.2014 «О государственной информационной системе жилищно-коммунального хозяйства», ст. 6 ч. 1 п. 26, ст. 7 ч. 13 п. 3;2014;open;false;false;https://dom.gosuslugi.ru/#!/rpg/readiness-passports-search-public;https://dom.gosuslugi.ru/#!/rpg/readiness-passports-search-public;https://reestr-reestrov.ru/r/gis-zhkh-gotovnost-k-otopitelnomu-periodu/
egrn;ЕГРН;Единый государственный реестр недвижимости;Росреестр;218-ФЗ от 13.07.2015 «О государственной регистрации недвижимости»;2017;partial;true;true;https://rosreestr.gov.ru/;https://rosreestr.gov.ru/wps/portal/p/cc_ib_portal_services/online_request;https://reestr-reestrov.ru/r/egrn/
reestr-obektov-kulturnogo-naslediya;ЕГРОКН;Единый государственный реестр объектов культурного наследия (памятников истории и культуры) народов Российской Федерации;Минкультуры России;73-ФЗ от 25.06.2002 «Об объектах культурного наследия (памятниках истории и культуры) народов Российской Федерации», ст. 15;2002;open;false;true;https://culture.gov.ru/activities/information_systems/edinyy_gosudarstvennyy_reestr_obektov_kulturnogo_naslediya/;https://opendata.mkrf.ru/opendata/7705851331-egrkn/;https://reestr-reestrov.ru/r/reestr-obektov-kulturnogo-naslediya/
egrp-vozdushnye-suda;ЕГРП на воздушные суда (Росавиация);Единый государственный реестр прав на воздушные суда и сделок с ними;Росавиация;31-ФЗ от 14.03.2009 «О государственной регистрации прав на воздушные суда и сделок с ними», ст. 6 и 9;2009;partial;false;false;https://favt.gov.ru/dejatelnost-gosudarstvennaja-registracija-vozdushnyh-sudov-edinyj-gosudarstvennyj-reestr/;https://www.gosuslugi.ru/613352;https://reestr-reestrov.ru/r/egrp-vozdushnye-suda/
gosudarstvennyy-katalog-geograficheskih-nazvaniy;Каталог географических названий (ГКГН);Государственный каталог географических названий;Росреестр;152-ФЗ от 18.12.1997 «О наименованиях географических объектов», ст. 10;1997;open;false;false;https://rosreestr.gov.ru/activity/geodeziya-i-kartografiya/naimenovaniya-geograficheskikh-obektov/gosudarstvennyy-katalog-geograficheskikh-nazvaniy/;https://kadastr.ru/services/gkgn/;https://reestr-reestrov.ru/r/gosudarstvennyy-katalog-geograficheskih-nazvaniy/
gis-zhkh-mesta-nakopleniya-tko;Контейнерные площадки ТКО (ГИС ЖКХ);Информация о местах накопления твёрдых коммунальных отходов в ГИС ЖКХ;Минстрой России;Приказ Минстроя России от 07.02.2024 № 79/пр, гл. XII п. 7;2018;open;false;false;https://dom.gosuslugi.ru/#!/public-tko/tko-search;https://dom.gosuslugi.ru/#!/public-tko/tko-search;https://reestr-reestrov.ru/r/gis-zhkh-mesta-nakopleniya-tko/
reestr-upravlyayushchih-organizaciy-opredelennyh-omsu;Перечень УО для временного управления МКД;Реестр управляющих организаций и решений об определении управляющих организаций (временное управление МКД);Минстрой России;Жилищный кодекс РФ, ст. 161 ч. 17;2018;open;false;false;https://dom.gosuslugi.ru/#!/tr-mo-pub/registry/organizations;https://dom.gosuslugi.ru/#!/tr-mo-pub/registry/organizations;https://reestr-reestrov.ru/r/reestr-upravlyayushchih-organizaciy-opredelennyh-omsu/
reestr-transportnyh-sredstv-gibdd;Проверка авто (ГИБДД);Государственный реестр транспортных средств / сервис проверки ТС Госавтоинспекции;МВД России;196-ФЗ от 10.12.1995 «О безопасности дорожного движения»;1995;open;false;false;https://гибдд.рф/;https://www.gosuslugi.ru/;https://reestr-reestrov.ru/r/reestr-transportnyh-sredstv-gibdd/
gis-zhkh-programmy-kapremonta;Программы капремонта МКД (ГИС ЖКХ);Реестр программ капитального ремонта в ГИС ЖКХ (региональные программы, краткосрочные планы, адресные программы);Минстрой России;209-ФЗ от 21.07.2014 «О государственной информационной системе жилищно-коммунального хозяйства», ст. 6 ч. 1 п. 17, ст. 7 ч. 13 п. 3;2014;open;false;false;https://dom.gosuslugi.ru/#!/capital-repair/programs;https://dom.gosuslugi.ru/#!/capital-repair/programs;https://reestr-reestrov.ru/r/gis-zhkh-programmy-kapremonta/
registr-kosmicheskih-obektov;Регистр космических объектов;Регистр космических объектов, запускаемых Российской Федерацией в космическое пространство (национальный регистр запускаемых космических объектов);Роскосмос;Закон РФ от 20.08.1993 № 5663-1 «О космической деятельности», ст. 17 п. 1;1978;partial;false;false;https://www.roscosmos.ru/;https://www.unoosa.org/oosa/en/spaceobjectregister/index.html;https://reestr-reestrov.ru/r/registr-kosmicheskih-obektov/
reestr-zalogov-dvizhimogo-imushchestva;Реестр залогов движимого имущества;Реестр уведомлений о залоге движимого имущества;ФНП;Основы законодательства РФ о нотариате, ст. 103.1-103.7;2014;open;false;false;https://www.reestr-zalogov.ru/;https://www.reestr-zalogov.ru/;https://reestr-reestrov.ru/r/reestr-zalogov-dvizhimogo-imushchestva/
reestr-malomernyh-sudov;Реестр маломерных судов ГИМС;Реестр маломерных судов;МЧС России;4-ФЗ от 03.02.2025 «О безопасности людей на водных объектах», ст. 9, 21, 29;2025;partial;false;false;https://digital.mchs.gov.ru/gims;https://digital.mchs.gov.ru/gims/number;https://reestr-reestrov.ru/r/reestr-malomernyh-sudov/
reestr-spravok-o-fakte-pozhara;Реестр справок о пожаре (МЧС);Реестр справок, подтверждающих факт возникновения пожара;МЧС России;69-ФЗ от 21.12.1994 «О пожарной безопасности», ст. 27 ч. 5 и ч. 6;2022;open;false;false;https://digital.mchs.gov.ru/fgpn/fire-query;https://digital.mchs.gov.ru/fgpn/fire-query;https://reestr-reestrov.ru/r/reestr-spravok-o-fakte-pozhara/
reestr-stroyashchihsya-sudov;Реестр строящихся судов;Реестр строящихся судов (морские порты);Росморречфлот;КТМ РФ, ст. 33 п. 1 пп. 6, ст. 35 п. 1;2012;partial;false;false;https://morflot.gov.ru/deyatelnost/napravleniya_deyatelnosti/morskoy_flot/gosudarstvennaya_registratsiya_morskih_sudov_i_prav_na_nih/;https://www.mapm.ru/RegistrationShip/PubServices;https://reestr-reestrov.ru/r/reestr-stroyashchihsya-sudov/
sudovye-reestry-vnutrennego-vodnogo-transporta;Реестры речных судов (администрации бассейнов);Государственный судовой реестр, реестр арендованных иностранных судов и реестр строящихся судов внутреннего водного транспорта;Росморречфлот;Кодекс внутреннего водного транспорта РФ, ст. 16, 17;2001;partial;false;false;https://morflot.gov.ru/deyatelnost/gosuslugi/perechen_gosudarstvennyih_uslug/registratsiya-sudov-i-prav-na-nikh-v-administratsiyakh-basseinov-vnutrennikh-vodnykh-putei-i-vydacha-svidetel-stva-o-prave-plavaniya-pod-gosudarstvennym-flagom-rossiiskoi-federatsii/;https://morflot.gov.ru/deyatelnost/gosuslugi/perechen_gosudarstvennyih_uslug/registratsiya-sudov-i-prav-na-nikh-v-administratsiyakh-basseinov-vnutrennikh-vodnykh-putei-i-vydacha-svidetel-stva-o-prave-plavaniya-pod-gosudarstvennym-flagom-rossiiskoi-federatsii/;https://reestr-reestrov.ru/r/sudovye-reestry-vnutrennego-vodnogo-transporta/
gis-zhkh-resheniya-ob-izyatii-zemelnyh-uchastkov;Решения об изъятии участков под домами (ГИС ЖКХ);Реестр решений об изъятии для государственных и муниципальных нужд земельных участков, на которых расположены многоквартирные дома, жилые дома (ГИС ЖКХ);Минстрой России;Приказ Минстроя России от 07.02.2024 № 79/пр, гл. II п. 10 и гл. VII п. 11, срок размещения не позднее 15 дней со дня решения;2016;open;false;false;https://dom.gosuslugi.ru/#!/withdrawal/search;https://dom.gosuslugi.ru/#!/withdrawal/search;https://reestr-reestrov.ru/r/gis-zhkh-resheniya-ob-izyatii-zemelnyh-uchastkov/
rossiyskiy-mezhdunarodnyy-reestr-sudov;Российский международный реестр судов;Российский международный реестр судов (РМРС);Росморречфлот;КТМ РФ, ст. 33 пп. 2, 7, 8, ст. 35, ст. 40;2006;partial;false;false;https://morflot.gov.ru/deyatelnost/napravleniya_deyatelnosti/morskoy_flot/gosudarstvennaya_registratsiya_morskih_sudov_i_prav_na_nih/;https://www.mapm.ru/RegistrationShip/PubServices;https://reestr-reestrov.ru/r/rossiyskiy-mezhdunarodnyy-reestr-sudov/
rossiyskiy-otkrytyy-reestr-sudov;Российский открытый реестр судов;Российский открытый реестр судов;Росморречфлот;КТМ РФ, ст. 33 пп. 9-11, ст. 35, ст. 40;2018;partial;false;false;https://morflot.gov.ru/deyatelnost/napravleniya_deyatelnosti/morskoy_flot/gosudarstvennaya_registratsiya_morskih_sudov_i_prav_na_nih/;https://www.mapm.ru/RegistrationShip/PubServices;https://reestr-reestrov.ru/r/rossiyskiy-otkrytyy-reestr-sudov/
elektronnye-pasporta-ts-sep;СЭП / Электронный ПТС;Система электронных паспортов транспортных средств (ЭПТС);АО «Электронный паспорт»;Соглашение о введении единых форм паспорта ТС и паспорта шасси ТС от 15.08.2014;2015;partial;true;false;https://elpts.ru/;https://elpts.ru/;https://reestr-reestrov.ru/r/elektronnye-pasporta-ts-sep/
uchet-bvs-svs;Учёт дронов (БВС и СВС) Росавиации;Государственный учёт беспилотных гражданских воздушных судов с максимальной взлётной массой от 0,15 до 30 кг и сверхлёгких пилотируемых гражданских воздушных судов с массой конструкции 115 кг и менее;Росавиация;Воздушный кодекс РФ, ст. 33 п. 3.2;2019;partial;false;false;https://bvs.favt.ru/;https://bvs.favt.ru/services/verify;https://reestr-reestrov.ru/r/uchet-bvs-svs/
fgis-usmt;ФГИС УСМТ (тракторы и самоходные машины);Федеральная государственная информационная система учёта и регистрации тракторов, самоходных машин и прицепов к ним (ФГИС УСМТ);Минсельхоз России;297-ФЗ от 02.07.2021 «О самоходных машинах и других видах техники», ст. 6, 7 и 8;2022;partial;false;false;https://usmt-nr.mcx.ru/;https://usmt-nr.mcx.ru/information-request;https://reestr-reestrov.ru/r/fgis-usmt/
fias-gar;ФИАС / ГАР;Государственный адресный реестр (ведётся на платформе ФИАС);ФНС России;443-ФЗ от 28.12.2013 «О федеральной информационной адресной системе»;2014;open;true;true;https://fias.nalog.ru/;https://fias.nalog.ru/;https://reestr-reestrov.ru/r/fias-gar/
reestr-attestovannyh-ass;Реестр аттестованных АСС и АСФ (МЧС);Реестр аттестованных аварийно-спасательных служб (аварийно-спасательных формирований);МЧС России;151-ФЗ от 22.08.1995 «Об аварийно-спасательных службах и статусе спасателей», ст. 12;2011;open;false;false;https://digital.mchs.gov.ru/dsf/assf;https://digital.mchs.gov.ru/dsf/assf;https://reestr-reestrov.ru/r/reestr-attestovannyh-ass/
reestr-zaklyucheniy-umb-ohrana;Реестр заключений об учебной базе для подготовки охранников (Росгвардия);Реестр заключений о соответствии учебно-материальной базы организации, осуществляющей образовательную деятельность, установленным требованиям;Росгвардия;427-ФЗ от 30.11.2024 «О частной охранной деятельности», ст. 14 ч. 5;2026;open;false;false;https://rosguard.gov.ru/page/index/proverka-otkrytyx-dannyx-licenzij;https://rosguard.gov.ru/page/index/proverka-otkrytyx-dannyx-licenzij;https://reestr-reestrov.ru/r/reestr-zaklyucheniy-umb-ohrana/
reestr-licenzij-torgovlya-oruzhiem;Реестр лицензий оружейных магазинов (Росгвардия);Реестр лицензий на осуществление деятельности по хранению и торговле гражданским и служебным оружием и основными частями огнестрельного оружия, патронами к нему;Росгвардия;150-ФЗ от 13.12.1996 «Об оружии», ст. 9.1;2016;open;false;true;https://rosguard.gov.ru/page/index/proverka-otkrytyx-dannyx-licenzij;https://rosguard.gov.ru/page/index/proverka-otkrytyx-dannyx-licenzij;https://reestr-reestrov.ru/r/reestr-licenzij-torgovlya-oruzhiem/
reestr-licenzij-chastnaya-ohrana-detektivy;Реестр лицензий ЧОО и частных детективов (Росгвардия);Реестры лицензий на осуществление частной охранной деятельности и частной детективной (сыскной) деятельности;Росгвардия;427-ФЗ от 30.11.2024 «О частной охранной деятельности», ст. 16-20, ведение реестра: ст. 20;1992;open;false;true;https://rosguard.gov.ru/page/index/proverka-otkrytyx-dannyx-licenzij;https://rosguard.gov.ru/page/index/proverka-otkrytyx-dannyx-licenzij;https://reestr-reestrov.ru/r/reestr-licenzij-chastnaya-ohrana-detektivy/
reestr-obektov-tek;Реестр объектов ТЭК;Реестр объектов топливно-энергетического комплекса;Минэнерго;256-ФЗ от 21.07.2011 «О безопасности объектов топливно-энергетического комплекса»;2011;closed;false;false;https://minenergo.gov.ru/gosuslugi/list-of-public-services/provision-of-information-contained-in-the-register-of-fuel-and-energy-complex-facilities;https://www.gosuslugi.ru/;https://reestr-reestrov.ru/r/reestr-obektov-tek/
reestry-licenzij-i-razresheniy-oborot-oruzhiya;Реестры лицензий и разрешений на оружие (Росгвардия);Реестры лицензий и разрешений федерального органа исполнительной власти, уполномоченного в сфере оборота оружия;Росгвардия;150-ФЗ от 13.12.1996 «Об оружии», ст. 9.2;2021;closed;false;false;https://rosguard.gov.ru/ru/page/index/perechen-gosudarstvennyx-uslug-funkcij-okazyvaemyx-osushhestvlyaemyx-podrazdeleniyami-licenzionnorazreshitelnoj-raboty;https://rosguard.gov.ru/ru/page/index/perechen-gosudarstvennyx-uslug-funkcij-okazyvaemyx-osushhestvlyaemyx-podrazdeleniyami-licenzionnorazreshitelnoj-raboty;https://reestr-reestrov.ru/r/reestry-licenzij-i-razresheniy-oborot-oruzhiya/
